,id,Brown dwarf,Constellation,Right ascension,Declination,Distance,Mass,Radius,Discovery year,star_names,distance,mass,radius
0,0,SDSS J000013.54+255418.6 [de],Pegasus,0h 0m 13.54s,25° 54′ 18″,46.1,0.045820224,0.1017353699999999,2004.0,Sun,0.000015813,1,1
1,1,SDSS J000013.54+255418.6 [de],Pegasus,0h 0m 13.54s,25° 54′ 18″,46.1,0.045820224,0.1017353699999999,2004.0,Sun,0.000015813,1,1
2,2,SDSS J000013.54+255418.6 [de],Pegasus,0h 0m 13.54s,25° 54′ 18″,46.1,0.045820224,0.1017353699999999,2004.0,Sun,0.000015813,1,1
3,3,SDSS J000013.54+255418.6 [de],Pegasus,0h 0m 13.54s,25° 54′ 18″,46.1,0.045820224,0.1017353699999999,2004.0,Sun,0.000015813,1,1
4,4,SDSS J000013.54+255418.6 [de],Pegasus,0h 0m 13.54s,25° 54′ 18″,46.1,0.045820224,0.1017353699999999,2004.0,Sun,0.000015813,1,1
5,5,SDSS J000013.54+255418.6 [de],Pegasus,0h 0m 13.54s,25° 54′ 18″,46.1,0.045820224,0.1017353699999999,2004.0,Sun,0.000015813,1,1
6,6,SDSS J000013.54+255418.6 [de],Pegasus,0h 0m 13.54s,25° 54′ 18″,46.1,0.045820224,0.1017353699999999,2004.0,Sun,0.000015813,1,1
7,7,SDSS J000013.54+255418.6 [de],Pegasus,0h 0m 13.54s,25° 54′ 18″,46.1,0.045820224,0.1017353699999999,2004.0,Sun,0.000015813,1,1
8,8,SDSS J000013.54+255418.6 [de],Pegasus,0h 0m 13.54s,25° 54′ 18″,46.1,0.045820224,0.1017353699999999,2004.0,Sirius,0008.6,2.1,1.71
9,9,SDSS J000013.54+255418.6 [de],Pegasus,0h 0m 13.54s,25° 54′ 18″,46.1,0.045820224,0.1017353699999999,2004.0,Sirius,0008.6,2.1,1.71
10,10,2MASS J00040288-6410358,Tucana,0h 4m 2.88s,−64° 10′ 35.8″,192.0,0.018137172,0.1675036899999999,0.0,Sirius,0008.6,2.1,1.71
11,11,2MASS J00040288-6410358,Tucana,0h 4m 2.88s,−64° 10′ 35.8″,192.0,0.018137172,0.1675036899999999,0.0,Sirius,0008.6,2.1,1.71
12,12,2MASS J00040288-6410358,Tucana,0h 4m 2.88s,−64° 10′ 35.8″,192.0,0.018137172,0.1675036899999999,0.0,Sirius,0008.6,2.1,1.71
13,13,2MASS J00040288-6410358,Tucana,0h 4m 2.88s,−64° 10′ 35.8″,192.0,0.018137172,0.1675036899999999,0.0,Sirius,0008.6,2.1,1.71
14,14,2MASS J00040288-6410358,Tucana,0h 4m 2.88s,−64° 10′ 35.8″,192.0,0.018137172,0.1675036899999999,0.0,Sirius,0008.6,2.1,1.71
15,15,2MASS J00040288-6410358,Tucana,0h 4m 2.88s,−64° 10′ 35.8″,192.0,0.018137172,0.1675036899999999,0.0,Sirius,0008.6,2.1,1.71
16,16,2MASS J00040288-6410358,Tucana,0h 4m 2.88s,−64° 10′ 35.8″,192.0,0.018137172,0.1675036899999999,0.0,Canopus,0310,15,71
17,17,2MASS J00040288-6410358,Tucana,0h 4m 2.88s,−64° 10′ 35.8″,192.0,0.018137172,0.1675036899999999,0.0,Canopus,0310,15,71
18,18,2MASS J00040288-6410358,Tucana,0h 4m 2.88s,−64° 10′ 35.8″,192.0,0.018137172,0.1675036899999999,0.0,Canopus,0310,15,71
19,19,2MASS J00040288-6410358,Tucana,0h 4m 2.88s,−64° 10′ 35.8″,192.0,0.018137172,0.1675036899999999,0.0,Canopus,0310,15,71
30,30,2MASS J00242463-0158201,Pisces,0h 24m 24.63s,−1° 58′ 20.1″,37.7,0.075412452,0.11201167,0.0,Alpha Centauri,0004.4,1.1,1.2
31,31,2MASS J00242463-0158201,Pisces,0h 24m 24.63s,−1° 58′ 20.1″,37.7,0.075412452,0.11201167,0.0,Alpha Centauri,0004.4,1.1,1.2
32,32,2MASS J00242463-0158201,Pisces,0h 24m 24.63s,−1° 58′ 20.1″,37.7,0.075412452,0.11201167,0.0,Arcturus,0037,1.1,26
33,33,2MASS J00242463-0158201,Pisces,0h 24m 24.63s,−1° 58′ 20.1″,37.7,0.075412452,0.11201167,0.0,Arcturus,0037,1.1,26
34,34,2MASS J00242463-0158201,Pisces,0h 24m 24.63s,−1° 58′ 20.1″,37.7,0.075412452,0.11201167,0.0,Arcturus,0037,1.1,26
35,35,2MASS J00242463-0158201,Pisces,0h 24m 24.63s,−1° 58′ 20.1″,37.7,0.075412452,0.11201167,0.0,Arcturus,0037,1.1,26
36,36,2MASS J00242463-0158201,Pisces,0h 24m 24.63s,−1° 58′ 20.1″,37.7,0.075412452,0.11201167,0.0,Arcturus,0037,1.1,26
37,37,2MASS J00242463-0158201,Pisces,0h 24m 24.63s,−1° 58′ 20.1″,37.7,0.075412452,0.11201167,0.0,Arcturus,0037,1.1,26
38,38,2MASS J00242463-0158201,Pisces,0h 24m 24.63s,−1° 58′ 20.1″,37.7,0.075412452,0.11201167,0.0,Arcturus,0037,1.1,26
39,39,2MASS J00242463-0158201,Pisces,0h 24m 24.63s,−1° 58′ 20.1″,37.7,0.075412452,0.11201167,0.0,Arcturus,0037,1.1,26
50,50,2MASS J00274197+0503417,Pisces,0h 27m 41.97s,5° 3′ 41.7″,236.0,0.029592228,0.1479787199999999,0.0,Capella,0043,2.6,12
51,51,2MASS J00274197+0503417,Pisces,0h 27m 41.97s,5° 3′ 41.7″,236.0,0.029592228,0.1479787199999999,0.0,Capella,0043,2.6,12
52,52,2MASS J00274197+0503417,Pisces,0h 27m 41.97s,5° 3′ 41.7″,236.0,0.029592228,0.1479787199999999,0.0,Capella,0043,2.6,12
53,53,2MASS J00274197+0503417,Pisces,0h 27m 41.97s,5° 3′ 41.7″,236.0,0.029592228,0.1479787199999999,0.0,Capella,0043,2.6,12
54,54,2MASS J00274197+0503417,Pisces,0h 27m 41.97s,5° 3′ 41.7″,236.0,0.029592228,0.1479787199999999,0.0,Capella,0043,2.6,12
55,55,2MASS J00274197+0503417,Pisces,0h 27m 41.97s,5° 3′ 41.7″,236.0,0.029592228,0.1479787199999999,0.0,Capella,0043,2.6,12
56,56,2MASS J00274197+0503417,Pisces,0h 27m 41.97s,5° 3′ 41.7″,236.0,0.029592228,0.1479787199999999,0.0,Rigel,0860,23,78.9
57,57,2MASS J00274197+0503417,Pisces,0h 27m 41.97s,5° 3′ 41.7″,236.0,0.029592228,0.1479787199999999,0.0,Rigel,0860,23,78.9
58,58,2MASS J00274197+0503417,Pisces,0h 27m 41.97s,5° 3′ 41.7″,236.0,0.029592228,0.1479787199999999,0.0,Rigel,0860,23,78.9
59,59,2MASS J00274197+0503417,Pisces,0h 27m 41.97s,5° 3′ 41.7″,236.0,0.029592228,0.1479787199999999,0.0,Rigel,0860,23,78.9
70,70,2MASSW J0030300-145033,Cetus,0h 30m 30.13s,−14° 50′ 33.3″,87.2,0.051547752,0.1007077399999999,0.0,Procyon,0011.4,1.5,1.9
71,71,2MASSW J0030300-145033,Cetus,0h 30m 30.13s,−14° 50′ 33.3″,87.2,0.051547752,0.1007077399999999,0.0,Procyon,0011.4,1.5,1.9
72,72,2MASSW J0030300-145033,Cetus,0h 30m 30.13s,−14° 50′ 33.3″,87.2,0.051547752,0.1007077399999999,0.0,Betelgeuse,0640[1],20,950
73,73,2MASSW J0030300-145033,Cetus,0h 30m 30.13s,−14° 50′ 33.3″,87.2,0.051547752,0.1007077399999999,0.0,Betelgeuse,0640[1],20,950
74,74,2MASSW J0030300-145033,Cetus,0h 30m 30.13s,−14° 50′ 33.3″,87.2,0.051547752,0.1007077399999999,0.0,Betelgeuse,0640[1],20,950
75,75,2MASSW J0030300-145033,Cetus,0h 30m 30.13s,−14° 50′ 33.3″,87.2,0.051547752,0.1007077399999999,0.0,Betelgeuse,0640[1],20,950
76,76,2MASSW J0030300-145033,Cetus,0h 30m 30.13s,−14° 50′ 33.3″,87.2,0.051547752,0.1007077399999999,0.0,Betelgeuse,0640[1],20,950
77,77,2MASSW J0030300-145033,Cetus,0h 30m 30.13s,−14° 50′ 33.3″,87.2,0.051547752,0.1007077399999999,0.0,Betelgeuse,0640[1],20,950
78,78,2MASSW J0030300-145033,Cetus,0h 30m 30.13s,−14° 50′ 33.3″,87.2,0.051547752,0.1007077399999999,0.0,Betelgeuse,0640[1],20,950
79,79,2MASSW J0030300-145033,Cetus,0h 30m 30.13s,−14° 50′ 33.3″,87.2,0.051547752,0.1007077399999999,0.0,Betelgeuse,0640[1],20,950
80,80,2MASS J00332386-1521309 [de],Cetus,0h 33m 23.86s,−15° 21′ ″,131.0,0.027683052,0.1469510899999999,0.0,Achernar,0144,6.7,9.3
81,81,2MASS J00332386-1521309 [de],Cetus,0h 33m 23.86s,−15° 21′ ″,131.0,0.027683052,0.1469510899999999,0.0,Achernar,0144,6.7,9.3
82,82,2MASS J00332386-1521309 [de],Cetus,0h 33m 23.86s,−15° 21′ ″,131.0,0.027683052,0.1469510899999999,0.0,Achernar,0144,6.7,9.3
83,83,2MASS J00332386-1521309 [de],Cetus,0h 33m 23.86s,−15° 21′ ″,131.0,0.027683052,0.1469510899999999,0.0,Achernar,0144,6.7,9.3
84,84,2MASS J00332386-1521309 [de],Cetus,0h 33m 23.86s,−15° 21′ ″,131.0,0.027683052,0.1469510899999999,0.0,Achernar,0144,6.7,9.3
85,85,2MASS J00332386-1521309 [de],Cetus,0h 33m 23.86s,−15° 21′ ″,131.0,0.027683052,0.1469510899999999,0.0,Achernar,0144,6.7,9.3
86,86,2MASS J00332386-1521309 [de],Cetus,0h 33m 23.86s,−15° 21′ ″,131.0,0.027683052,0.1469510899999999,0.0,Achernar,0144,6.7,9.3
87,87,2MASS J00332386-1521309 [de],Cetus,0h 33m 23.86s,−15° 21′ ″,131.0,0.027683052,0.1469510899999999,0.0,Achernar,0144,6.7,9.3
88,88,2MASS J00332386-1521309 [de],Cetus,0h 33m 23.86s,−15° 21′ ″,131.0,0.027683052,0.1469510899999999,0.0,Hadar,0390,10.5,8.6
89,89,2MASS J00332386-1521309 [de],Cetus,0h 33m 23.86s,−15° 21′ ″,131.0,0.027683052,0.1469510899999999,0.0,Hadar,0390,10.5,8.6
90,90,2MASS J00345157+0523050,Pisces,0h 34m 51.57s,5° 23′ 5″,31.0,0.040092696,0.0965972199999999,0.0,Hadar,0390,10.5,8.6
91,91,2MASS J00345157+0523050,Pisces,0h 34m 51.57s,5° 23′ 5″,31.0,0.040092696,0.0965972199999999,0.0,Hadar,0390,10.5,8.6
92,92,2MASS J00345157+0523050,Pisces,0h 34m 51.57s,5° 23′ 5″,31.0,0.040092696,0.0965972199999999,0.0,Hadar,0390,10.5,8.6
93,93,2MASS J00345157+0523050,Pisces,0h 34m 51.57s,5° 23′ 5″,31.0,0.040092696,0.0965972199999999,0.0,Hadar,0390,10.5,8.6
94,94,2MASS J00345157+0523050,Pisces,0h 34m 51.57s,5° 23′ 5″,31.0,0.040092696,0.0965972199999999,0.0,Hadar,0390,10.5,8.6
95,95,2MASS J00345157+0523050,Pisces,0h 34m 51.57s,5° 23′ 5″,31.0,0.040092696,0.0965972199999999,0.0,Hadar,0390,10.5,8.6
96,96,2MASS J00345157+0523050,Pisces,0h 34m 51.57s,5° 23′ 5″,31.0,0.040092696,0.0965972199999999,0.0,Altair,0017,1.8,1.8
97,97,2MASS J00345157+0523050,Pisces,0h 34m 51.57s,5° 23′ 5″,31.0,0.040092696,0.0965972199999999,0.0,Altair,0017,1.8,1.8
98,98,2MASS J00345157+0523050,Pisces,0h 34m 51.57s,5° 23′ 5″,31.0,0.040092696,0.0965972199999999,0.0,Altair,0017,1.8,1.8
99,99,2MASS J00345157+0523050,Pisces,0h 34m 51.57s,5° 23′ 5″,31.0,0.040092696,0.0965972199999999,0.0,Altair,0017,1.8,1.8
100,100,2MASS 0036+1821,Pisces,0h 36m 16.17s,18° 21′ 10.4″,28.6,0.040092696,0.0965972199999999,2000.0,Altair,0017,1.8,1.8
101,101,2MASS 0036+1821,Pisces,0h 36m 16.17s,18° 21′ 10.4″,28.6,0.040092696,0.0965972199999999,2000.0,Altair,0017,1.8,1.8
102,102,2MASS 0036+1821,Pisces,0h 36m 16.17s,18° 21′ 10.4″,28.6,0.040092696,0.0965972199999999,2000.0,Altair,0017,1.8,1.8
103,103,2MASS 0036+1821,Pisces,0h 36m 16.17s,18° 21′ 10.4″,28.6,0.040092696,0.0965972199999999,2000.0,Altair,0017,1.8,1.8
104,104,2MASS 0036+1821,Pisces,0h 36m 16.17s,18° 21′ 10.4″,28.6,0.040092696,0.0965972199999999,2000.0,Acrux,0320,18,8.9
105,105,2MASS 0036+1821,Pisces,0h 36m 16.17s,18° 21′ 10.4″,28.6,0.040092696,0.0965972199999999,2000.0,Acrux,0320,18,8.9
106,106,2MASS 0036+1821,Pisces,0h 36m 16.17s,18° 21′ 10.4″,28.6,0.040092696,0.0965972199999999,2000.0,Acrux,0320,18,8.9
107,107,2MASS 0036+1821,Pisces,0h 36m 16.17s,18° 21′ 10.4″,28.6,0.040092696,0.0965972199999999,2000.0,Acrux,0320,18,8.9
108,108,2MASS 0036+1821,Pisces,0h 36m 16.17s,18° 21′ 10.4″,28.6,0.040092696,0.0965972199999999,2000.0,Acrux,0320,18,8.9
109,109,2MASS 0036+1821,Pisces,0h 36m 16.17s,18° 21′ 10.4″,28.6,0.040092696,0.0965972199999999,2000.0,Acrux,0320,18,8.9
110,110,2MASSW J0045214+163445,Pisces,0h 45m 21.43s,16° 34′ 44.6″,57.0,0.021955524,0.16647606,0.0,Acrux,0320,18,8.9
111,111,2MASSW J0045214+163445,Pisces,0h 45m 21.43s,16° 34′ 44.6″,57.0,0.021955524,0.16647606,0.0,Acrux,0320,18,8.9
112,112,2MASSW J0045214+163445,Pisces,0h 45m 21.43s,16° 34′ 44.6″,57.0,0.021955524,0.16647606,0.0,Aldebaran,0065,1.5,44
113,113,2MASSW J0045214+163445,Pisces,0h 45m 21.43s,16° 34′ 44.6″,57.0,0.021955524,0.16647606,0.0,Aldebaran,0065,1.5,44
114,114,2MASSW J0045214+163445,Pisces,0h 45m 21.43s,16° 34′ 44.6″,57.0,0.021955524,0.16647606,0.0,Aldebaran,0065,1.5,44
115,115,2MASSW J0045214+163445,Pisces,0h 45m 21.43s,16° 34′ 44.6″,57.0,0.021955524,0.16647606,0.0,Aldebaran,0065,1.5,44
116,116,2MASSW J0045214+163445,Pisces,0h 45m 21.43s,16° 34′ 44.6″,57.0,0.021955524,0.16647606,0.0,Aldebaran,0065,1.5,44
117,117,2MASSW J0045214+163445,Pisces,0h 45m 21.43s,16° 34′ 44.6″,57.0,0.021955524,0.16647606,0.0,Aldebaran,0065,1.5,44
118,118,2MASSW J0045214+163445,Pisces,0h 45m 21.43s,16° 34′ 44.6″,57.0,0.021955524,0.16647606,0.0,Aldebaran,0065,1.5,44
119,119,2MASSW J0045214+163445,Pisces,0h 45m 21.43s,16° 34′ 44.6″,57.0,0.021955524,0.16647606,0.0,Aldebaran,0065,1.5,44
120,120,WISEP J004701.06+680352.1 [fr],Cassiopeia,0h 47m 0.38s,68° 3′ 54.3″,40.0,0.011455056,0.1335918999999999,0.0,Antares,0600,12,680
121,121,WISEP J004701.06+680352.1 [fr],Cassiopeia,0h 47m 0.38s,68° 3′ 54.3″,40.0,0.011455056,0.1335918999999999,0.0,Antares,0600,12,680
122,122,WISEP J004701.06+680352.1 [fr],Cassiopeia,0h 47m 0.38s,68° 3′ 54.3″,40.0,0.011455056,0.1335918999999999,0.0,Antares,0600,12,680
123,123,WISEP J004701.06+680352.1 [fr],Cassiopeia,0h 47m 0.38s,68° 3′ 54.3″,40.0,0.011455056,0.1335918999999999,0.0,Antares,0600,12,680
124,124,WISEP J004701.06+680352.1 [fr],Cassiopeia,0h 47m 0.38s,68° 3′ 54.3″,40.0,0.011455056,0.1335918999999999,0.0,Antares,0600,12,680
125,125,WISEP J004701.06+680352.1 [fr],Cassiopeia,0h 47m 0.38s,68° 3′ 54.3″,40.0,0.011455056,0.1335918999999999,0.0,Antares,0600,12,680
126,126,WISEP J004701.06+680352.1 [fr],Cassiopeia,0h 47m 0.38s,68° 3′ 54.3″,40.0,0.011455056,0.1335918999999999,0.0,Antares,0600,12,680
127,127,WISEP J004701.06+680352.1 [fr],Cassiopeia,0h 47m 0.38s,68° 3′ 54.3″,40.0,0.011455056,0.1335918999999999,0.0,Antares,0600,12,680
128,128,WISEP J004701.06+680352.1 [fr],Cassiopeia,0h 47m 0.38s,68° 3′ 54.3″,40.0,0.011455056,0.1335918999999999,0.0,Spica,0260,11.43,7.47
129,129,WISEP J004701.06+680352.1 [fr],Cassiopeia,0h 47m 0.38s,68° 3′ 54.3″,40.0,0.011455056,0.1335918999999999,0.0,Spica,0260,11.43,7.47
130,130,2MASS J00501994-3322402 [de],Sculptor,0h 50m 19.94s,−33° 22′ 40.2″,34.0,0.03818352,0.0965972199999999,0.0,Spica,0260,11.43,7.47
131,131,2MASS J00501994-3322402 [de],Sculptor,0h 50m 19.94s,−33° 22′ 40.2″,34.0,0.03818352,0.0965972199999999,0.0,Spica,0260,11.43,7.47
132,132,2MASS J00501994-3322402 [de],Sculptor,0h 50m 19.94s,−33° 22′ 40.2″,34.0,0.03818352,0.0965972199999999,0.0,Spica,0260,11.43,7.47
133,133,2MASS J00501994-3322402 [de],Sculptor,0h 50m 19.94s,−33° 22′ 40.2″,34.0,0.03818352,0.0965972199999999,0.0,Spica,0260,11.43,7.47
134,134,2MASS J00501994-3322402 [de],Sculptor,0h 50m 19.94s,−33° 22′ 40.2″,34.0,0.03818352,0.0965972199999999,0.0,Spica,0260,11.43,7.47
135,135,2MASS J00501994-3322402 [de],Sculptor,0h 50m 19.94s,−33° 22′ 40.2″,34.0,0.03818352,0.0965972199999999,0.0,Spica,0260,11.43,7.47
136,136,2MASS J00501994-3322402 [de],Sculptor,0h 50m 19.94s,−33° 22′ 40.2″,34.0,0.03818352,0.0965972199999999,0.0,Pollux,0034,1.9,8.8
137,137,2MASS J00501994-3322402 [de],Sculptor,0h 50m 19.94s,−33° 22′ 40.2″,34.0,0.03818352,0.0965972199999999,0.0,Pollux,0034,1.9,8.8
138,138,2MASS J00501994-3322402 [de],Sculptor,0h 50m 19.94s,−33° 22′ 40.2″,34.0,0.03818352,0.0965972199999999,0.0,Pollux,0034,1.9,8.8
139,139,2MASS J00501994-3322402 [de],Sculptor,0h 50m 19.94s,−33° 22′ 40.2″,34.0,0.03818352,0.0965972199999999,0.0,Pollux,0034,1.9,8.8
150,150,2MASS J00584253-0651239 [de],Cetus,0h 58m 42.53s,−6° 51′ 23.9″,96.0,0.027683052,0.1469510899999999,0.0,Fomalhaut,0025,1.9,1.8
151,151,2MASS J00584253-0651239 [de],Cetus,0h 58m 42.53s,−6° 51′ 23.9″,96.0,0.027683052,0.1469510899999999,0.0,Fomalhaut,0025,1.9,1.8
152,152,2MASS J00584253-0651239 [de],Cetus,0h 58m 42.53s,−6° 51′ 23.9″,96.0,0.027683052,0.1469510899999999,0.0,Deneb,"2,600",19,203
153,153,2MASS J00584253-0651239 [de],Cetus,0h 58m 42.53s,−6° 51′ 23.9″,96.0,0.027683052,0.1469510899999999,0.0,Deneb,"2,600",19,203
154,154,2MASS J00584253-0651239 [de],Cetus,0h 58m 42.53s,−6° 51′ 23.9″,96.0,0.027683052,0.1469510899999999,0.0,Deneb,"2,600",19,203
155,155,2MASS J00584253-0651239 [de],Cetus,0h 58m 42.53s,−6° 51′ 23.9″,96.0,0.027683052,0.1469510899999999,0.0,Deneb,"2,600",19,203
156,156,2MASS J00584253-0651239 [de],Cetus,0h 58m 42.53s,−6° 51′ 23.9″,96.0,0.027683052,0.1469510899999999,0.0,Deneb,"2,600",19,203
157,157,2MASS J00584253-0651239 [de],Cetus,0h 58m 42.53s,−6° 51′ 23.9″,96.0,0.027683052,0.1469510899999999,0.0,Deneb,"2,600",19,203
158,158,2MASS J00584253-0651239 [de],Cetus,0h 58m 42.53s,−6° 51′ 23.9″,96.0,0.027683052,0.1469510899999999,0.0,Deneb,"2,600",19,203
159,159,2MASS J00584253-0651239 [de],Cetus,0h 58m 42.53s,−6° 51′ 23.9″,96.0,0.027683052,0.1469510899999999,0.0,Deneb,"2,600",19,203
160,160,CFBDS J005910.90–011401.3,Cetus,0h 59m 10.83s,−1° 14′ 1.3″,30.0,0.021955524,0.0,2013.0,Mimosa,0350,16,8.4
161,161,CFBDS J005910.90–011401.3,Cetus,0h 59m 10.83s,−1° 14′ 1.3″,30.0,0.021955524,0.0,2013.0,Mimosa,0350,16,8.4
162,162,CFBDS J005910.90–011401.3,Cetus,0h 59m 10.83s,−1° 14′ 1.3″,30.0,0.021955524,0.0,2013.0,Mimosa,0350,16,8.4
163,163,CFBDS J005910.90–011401.3,Cetus,0h 59m 10.83s,−1° 14′ 1.3″,30.0,0.021955524,0.0,2013.0,Mimosa,0350,16,8.4
164,164,CFBDS J005910.90–011401.3,Cetus,0h 59m 10.83s,−1° 14′ 1.3″,30.0,0.021955524,0.0,2013.0,Mimosa,0350,16,8.4
165,165,CFBDS J005910.90–011401.3,Cetus,0h 59m 10.83s,−1° 14′ 1.3″,30.0,0.021955524,0.0,2013.0,Mimosa,0350,16,8.4
166,166,CFBDS J005910.90–011401.3,Cetus,0h 59m 10.83s,−1° 14′ 1.3″,30.0,0.021955524,0.0,2013.0,Mimosa,0350,16,8.4
167,167,CFBDS J005910.90–011401.3,Cetus,0h 59m 10.83s,−1° 14′ 1.3″,30.0,0.021955524,0.0,2013.0,Mimosa,0350,16,8.4
168,168,CFBDS J005910.90–011401.3,Cetus,0h 59m 10.83s,−1° 14′ 1.3″,30.0,0.021955524,0.0,2013.0,Regulus,0077,3.8,3.1
169,169,CFBDS J005910.90–011401.3,Cetus,0h 59m 10.83s,−1° 14′ 1.3″,30.0,0.021955524,0.0,2013.0,Regulus,0077,3.8,3.1
170,170,2MASSI J0103320+193536,Pisces,1h 3m 32.03s,19° ′ 35″,70.0,0.049638576,0.1007077399999999,0.0,Regulus,0077,3.8,3.1
171,171,2MASSI J0103320+193536,Pisces,1h 3m 32.03s,19° ′ 35″,70.0,0.049638576,0.1007077399999999,0.0,Regulus,0077,3.8,3.1
172,172,2MASSI J0103320+193536,Pisces,1h 3m 32.03s,19° ′ 35″,70.0,0.049638576,0.1007077399999999,0.0,Regulus,0077,3.8,3.1
173,173,2MASSI J0103320+193536,Pisces,1h 3m 32.03s,19° ′ 35″,70.0,0.049638576,0.1007077399999999,0.0,Regulus,0077,3.8,3.1
174,174,2MASSI J0103320+193536,Pisces,1h 3m 32.03s,19° ′ 35″,70.0,0.049638576,0.1007077399999999,0.0,Regulus,0077,3.8,3.1
175,175,2MASSI J0103320+193536,Pisces,1h 3m 32.03s,19° ′ 35″,70.0,0.049638576,0.1007077399999999,0.0,Regulus,0077,3.8,3.1
176,176,2MASSI J0103320+193536,Pisces,1h 3m 32.03s,19° ′ 35″,70.0,0.049638576,0.1007077399999999,0.0,Adhara,0430,12.5,14
177,177,2MASSI J0103320+193536,Pisces,1h 3m 32.03s,19° ′ 35″,70.0,0.049638576,0.1007077399999999,0.0,Adhara,0430,12.5,14
178,178,2MASSI J0103320+193536,Pisces,1h 3m 32.03s,19° ′ 35″,70.0,0.049638576,0.1007077399999999,0.0,Adhara,0430,12.5,14
179,179,2MASSI J0103320+193536,Pisces,1h 3m 32.03s,19° ′ 35″,70.0,0.049638576,0.1007077399999999,0.0,Adhara,0430,12.5,14
180,180,SDSSp J010752.33+004156.1 [de],Cetus,1h 7m 52.42s,−0° 41′ 56.3″,51.0,0.049638576,0.1007077399999999,0.0,Adhara,0430,12.5,14
181,181,SDSSp J010752.33+004156.1 [de],Cetus,1h 7m 52.42s,−0° 41′ 56.3″,51.0,0.049638576,0.1007077399999999,0.0,Adhara,0430,12.5,14
182,182,SDSSp J010752.33+004156.1 [de],Cetus,1h 7m 52.42s,−0° 41′ 56.3″,51.0,0.049638576,0.1007077399999999,0.0,Adhara,0430,12.5,14
183,183,SDSSp J010752.33+004156.1 [de],Cetus,1h 7m 52.42s,−0° 41′ 56.3″,51.0,0.049638576,0.1007077399999999,0.0,Adhara,0430,12.5,14
184,184,SDSSp J010752.33+004156.1 [de],Cetus,1h 7m 52.42s,−0° 41′ 56.3″,51.0,0.049638576,0.1007077399999999,0.0,Shaula,0700,14.5,8.8
185,185,SDSSp J010752.33+004156.1 [de],Cetus,1h 7m 52.42s,−0° 41′ 56.3″,51.0,0.049638576,0.1007077399999999,0.0,Shaula,0700,14.5,8.8
186,186,SDSSp J010752.33+004156.1 [de],Cetus,1h 7m 52.42s,−0° 41′ 56.3″,51.0,0.049638576,0.1007077399999999,0.0,Shaula,0700,14.5,8.8
187,187,SDSSp J010752.33+004156.1 [de],Cetus,1h 7m 52.42s,−0° 41′ 56.3″,51.0,0.049638576,0.1007077399999999,0.0,Shaula,0700,14.5,8.8
188,188,SDSSp J010752.33+004156.1 [de],Cetus,1h 7m 52.42s,−0° 41′ 56.3″,51.0,0.049638576,0.1007077399999999,0.0,Shaula,0700,14.5,8.8
189,189,SDSSp J010752.33+004156.1 [de],Cetus,1h 7m 52.42s,−0° 41′ 56.3″,51.0,0.049638576,0.1007077399999999,0.0,Shaula,0700,14.5,8.8
190,190,2MASSI J0117474-340325 [de],Sculptor,1h 17m 47.48s,−34° 3′ 25.8″,163.0,0.01909176,0.16647606,0.0,Shaula,0700,14.5,8.8
191,191,2MASSI J0117474-340325 [de],Sculptor,1h 17m 47.48s,−34° 3′ 25.8″,163.0,0.01909176,0.16647606,0.0,Shaula,0700,14.5,8.8
192,192,2MASSI J0117474-340325 [de],Sculptor,1h 17m 47.48s,−34° 3′ 25.8″,163.0,0.01909176,0.16647606,0.0,Castor,0052,2.8,2.4
193,193,2MASSI J0117474-340325 [de],Sculptor,1h 17m 47.48s,−34° 3′ 25.8″,163.0,0.01909176,0.16647606,0.0,Castor,0052,2.8,2.4
194,194,2MASSI J0117474-340325 [de],Sculptor,1h 17m 47.48s,−34° 3′ 25.8″,163.0,0.01909176,0.16647606,0.0,Castor,0052,2.8,2.4
195,195,2MASSI J0117474-340325 [de],Sculptor,1h 17m 47.48s,−34° 3′ 25.8″,163.0,0.01909176,0.16647606,0.0,Castor,0052,2.8,2.4
196,196,2MASSI J0117474-340325 [de],Sculptor,1h 17m 47.48s,−34° 3′ 25.8″,163.0,0.01909176,0.16647606,0.0,Castor,0052,2.8,2.4
197,197,2MASSI J0117474-340325 [de],Sculptor,1h 17m 47.48s,−34° 3′ 25.8″,163.0,0.01909176,0.16647606,0.0,Castor,0052,2.8,2.4
198,198,2MASSI J0117474-340325 [de],Sculptor,1h 17m 47.48s,−34° 3′ 25.8″,163.0,0.01909176,0.16647606,0.0,Castor,0052,2.8,2.4
199,199,2MASSI J0117474-340325 [de],Sculptor,1h 17m 47.48s,−34° 3′ 25.8″,163.0,0.01909176,0.16647606,0.0,Castor,0052,2.8,2.4
200,200,2MASS J01415823-4633574 [de],Phoenix,1h 41m 58.23s,−46° 33′ 57.4″,130.0,0.01909176,0.16544843,0.0,Gacrux,0088,1.5,84
201,201,2MASS J01415823-4633574 [de],Phoenix,1h 41m 58.23s,−46° 33′ 57.4″,130.0,0.01909176,0.16544843,0.0,Gacrux,0088,1.5,84
202,202,2MASS J01415823-4633574 [de],Phoenix,1h 41m 58.23s,−46° 33′ 57.4″,130.0,0.01909176,0.16544843,0.0,Gacrux,0088,1.5,84
203,203,2MASS J01415823-4633574 [de],Phoenix,1h 41m 58.23s,−46° 33′ 57.4″,130.0,0.01909176,0.16544843,0.0,Gacrux,0088,1.5,84
204,204,2MASS J01415823-4633574 [de],Phoenix,1h 41m 58.23s,−46° 33′ 57.4″,130.0,0.01909176,0.16544843,0.0,Gacrux,0088,1.5,84
205,205,2MASS J01415823-4633574 [de],Phoenix,1h 41m 58.23s,−46° 33′ 57.4″,130.0,0.01909176,0.16544843,0.0,Gacrux,0088,1.5,84
206,206,2MASS J01415823-4633574 [de],Phoenix,1h 41m 58.23s,−46° 33′ 57.4″,130.0,0.01909176,0.16544843,0.0,Gacrux,0088,1.5,84
207,207,2MASS J01415823-4633574 [de],Phoenix,1h 41m 58.23s,−46° 33′ 57.4″,130.0,0.01909176,0.16544843,0.0,Gacrux,0088,1.5,84
208,208,2MASS J01415823-4633574 [de],Phoenix,1h 41m 58.23s,−46° 33′ 57.4″,130.0,0.01909176,0.16544843,0.0,Bellatrix,0240,8.6,5.8
209,209,2MASS J01415823-4633574 [de],Phoenix,1h 41m 58.23s,−46° 33′ 57.4″,130.0,0.01909176,0.16544843,0.0,Bellatrix,0240,8.6,5.8
210,210,SDSS J015141.69+124429.6,0,1h 51m 41.55s,12° 44′ 30″,70.0,0.044865636,0.0996801099999999,0.0,Bellatrix,0240,8.6,5.8
211,211,SDSS J015141.69+124429.6,0,1h 51m 41.55s,12° 44′ 30″,70.0,0.044865636,0.0996801099999999,0.0,Bellatrix,0240,8.6,5.8
212,212,SDSS J015141.69+124429.6,0,1h 51m 41.55s,12° 44′ 30″,70.0,0.044865636,0.0996801099999999,0.0,Bellatrix,0240,8.6,5.8
213,213,SDSS J015141.69+124429.6,0,1h 51m 41.55s,12° 44′ 30″,70.0,0.044865636,0.0996801099999999,0.0,Bellatrix,0240,8.6,5.8
214,214,SDSS J015141.69+124429.6,0,1h 51m 41.55s,12° 44′ 30″,70.0,0.044865636,0.0996801099999999,0.0,Bellatrix,0240,8.6,5.8
215,215,SDSS J015141.69+124429.6,0,1h 51m 41.55s,12° 44′ 30″,70.0,0.044865636,0.0996801099999999,0.0,Bellatrix,0240,8.6,5.8
216,216,SDSS J015141.69+124429.6,0,1h 51m 41.55s,12° 44′ 30″,70.0,0.044865636,0.0996801099999999,0.0,Elnath,0130,5.0,4.2
217,217,SDSS J015141.69+124429.6,0,1h 51m 41.55s,12° 44′ 30″,70.0,0.044865636,0.0996801099999999,0.0,Elnath,0130,5.0,4.2
218,218,SDSS J015141.69+124429.6,0,1h 51m 41.55s,12° 44′ 30″,70.0,0.044865636,0.0996801099999999,0.0,Elnath,0130,5.0,4.2
219,219,SDSS J015141.69+124429.6,0,1h 51m 41.55s,12° 44′ 30″,70.0,0.044865636,0.0996801099999999,0.0,Elnath,0130,5.0,4.2
250,250,SDSS J020742.48+000056.2 [de],Cetus,2h 7m 42.84s,−0° 0′ 56.4″,111.0,0.044865636,0.0996801099999999,0.0,Alnair,0101,4.0,3.4
251,251,SDSS J020742.48+000056.2 [de],Cetus,2h 7m 42.84s,−0° 0′ 56.4″,111.0,0.044865636,0.0996801099999999,0.0,Alnair,0101,4.0,3.4
252,252,SDSS J020742.48+000056.2 [de],Cetus,2h 7m 42.84s,−0° 0′ 56.4″,111.0,0.044865636,0.0996801099999999,0.0,Alnair,0101,4.0,3.4
253,253,SDSS J020742.48+000056.2 [de],Cetus,2h 7m 42.84s,−0° 0′ 56.4″,111.0,0.044865636,0.0996801099999999,0.0,Alnair,0101,4.0,3.4
254,254,SDSS J020742.48+000056.2 [de],Cetus,2h 7m 42.84s,−0° 0′ 56.4″,111.0,0.044865636,0.0996801099999999,0.0,Alnair,0101,4.0,3.4
255,255,SDSS J020742.48+000056.2 [de],Cetus,2h 7m 42.84s,−0° 0′ 56.4″,111.0,0.044865636,0.0996801099999999,0.0,Alnair,0101,4.0,3.4
256,256,SDSS J020742.48+000056.2 [de],Cetus,2h 7m 42.84s,−0° 0′ 56.4″,111.0,0.044865636,0.0996801099999999,0.0,Alioth,0081,2.9,4.2
257,257,SDSS J020742.48+000056.2 [de],Cetus,2h 7m 42.84s,−0° 0′ 56.4″,111.0,0.044865636,0.0996801099999999,0.0,Alioth,0081,2.9,4.2
258,258,SDSS J020742.48+000056.2 [de],Cetus,2h 7m 42.84s,−0° 0′ 56.4″,111.0,0.044865636,0.0996801099999999,0.0,Alioth,0081,2.9,4.2
259,259,SDSS J020742.48+000056.2 [de],Cetus,2h 7m 42.84s,−0° 0′ 56.4″,111.0,0.044865636,0.0996801099999999,0.0,Alioth,0081,2.9,4.2
260,260,2MASS J02103857-3015313,0,2h 10m 38.57s,−30° 15′ 31.3″,101.0,0.01431882,0.15722739,0.0,Alioth,0081,2.9,4.2
261,261,2MASS J02103857-3015313,0,2h 10m 38.57s,−30° 15′ 31.3″,101.0,0.01431882,0.15722739,0.0,Alioth,0081,2.9,4.2
262,262,2MASS J02103857-3015313,0,2h 10m 38.57s,−30° 15′ 31.3″,101.0,0.01431882,0.15722739,0.0,Alioth,0081,2.9,4.2
263,263,2MASS J02103857-3015313,0,2h 10m 38.57s,−30° 15′ 31.3″,101.0,0.01431882,0.15722739,0.0,Alioth,0081,2.9,4.2
264,264,2MASS J02103857-3015313,0,2h 10m 38.57s,−30° 15′ 31.3″,101.0,0.01431882,0.15722739,0.0,Alnitak,01050,33,20
265,265,2MASS J02103857-3015313,0,2h 10m 38.57s,−30° 15′ 31.3″,101.0,0.01431882,0.15722739,0.0,Alnitak,01050,33,20
266,266,2MASS J02103857-3015313,0,2h 10m 38.57s,−30° 15′ 31.3″,101.0,0.01431882,0.15722739,0.0,Alnitak,01050,33,20
267,267,2MASS J02103857-3015313,0,2h 10m 38.57s,−30° 15′ 31.3″,101.0,0.01431882,0.15722739,0.0,Alnitak,01050,33,20
268,268,2MASS J02103857-3015313,0,2h 10m 38.57s,−30° 15′ 31.3″,101.0,0.01431882,0.15722739,0.0,Alnitak,01050,33,20
269,269,2MASS J02103857-3015313,0,2h 10m 38.57s,−30° 15′ 31.3″,101.0,0.01431882,0.15722739,0.0,Alnitak,01050,33,20
270,270,2MASS J02340093-6442068,0,2h 34m 0.93s,−64° 42′ 6.8″,155.0,0.01909176,0.16647606,0.0,Alnitak,01050,33,20
271,271,2MASS J02340093-6442068,0,2h 34m 0.93s,−64° 42′ 6.8″,155.0,0.01909176,0.16647606,0.0,Alnitak,01050,33,20
272,272,2MASS J02340093-6442068,0,2h 34m 0.93s,−64° 42′ 6.8″,155.0,0.01909176,0.16647606,0.0,Dubhe,0120,4.25,30
273,273,2MASS J02340093-6442068,0,2h 34m 0.93s,−64° 42′ 6.8″,155.0,0.01909176,0.16647606,0.0,Dubhe,0120,4.25,30
274,274,2MASS J02340093-6442068,0,2h 34m 0.93s,−64° 42′ 6.8″,155.0,0.01909176,0.16647606,0.0,Dubhe,0120,4.25,30
275,275,2MASS J02340093-6442068,0,2h 34m 0.93s,−64° 42′ 6.8″,155.0,0.01909176,0.16647606,0.0,Dubhe,0120,4.25,30
276,276,2MASS J02340093-6442068,0,2h 34m 0.93s,−64° 42′ 6.8″,155.0,0.01909176,0.16647606,0.0,Dubhe,0120,4.25,30
277,277,2MASS J02340093-6442068,0,2h 34m 0.93s,−64° 42′ 6.8″,155.0,0.01909176,0.16647606,0.0,Dubhe,0120,4.25,30
278,278,2MASS J02340093-6442068,0,2h 34m 0.93s,−64° 42′ 6.8″,155.0,0.01909176,0.16647606,0.0,Dubhe,0120,4.25,30
279,279,2MASS J02340093-6442068,0,2h 34m 0.93s,−64° 42′ 6.8″,155.0,0.01909176,0.16647606,0.0,Dubhe,0120,4.25,30
280,280,2MASS J02411151-0326587 [de],Cetus,2h 41m 11.51s,−3° 26′ 58.7″,152.0,0.025773876,0.1448958299999999,0.0,Mirfak,0590,8.5,68
281,281,2MASS J02411151-0326587 [de],Cetus,2h 41m 11.51s,−3° 26′ 58.7″,152.0,0.025773876,0.1448958299999999,0.0,Mirfak,0590,8.5,68
282,282,2MASS J02411151-0326587 [de],Cetus,2h 41m 11.51s,−3° 26′ 58.7″,152.0,0.025773876,0.1448958299999999,0.0,Mirfak,0590,8.5,68
283,283,2MASS J02411151-0326587 [de],Cetus,2h 41m 11.51s,−3° 26′ 58.7″,152.0,0.025773876,0.1448958299999999,0.0,Mirfak,0590,8.5,68
284,284,2MASS J02411151-0326587 [de],Cetus,2h 41m 11.51s,−3° 26′ 58.7″,152.0,0.025773876,0.1448958299999999,0.0,Mirfak,0590,8.5,68
285,285,2MASS J02411151-0326587 [de],Cetus,2h 41m 11.51s,−3° 26′ 58.7″,152.0,0.025773876,0.1448958299999999,0.0,Mirfak,0590,8.5,68
286,286,2MASS J02411151-0326587 [de],Cetus,2h 41m 11.51s,−3° 26′ 58.7″,152.0,0.025773876,0.1448958299999999,0.0,Mirfak,0590,8.5,68
287,287,2MASS J02411151-0326587 [de],Cetus,2h 41m 11.51s,−3° 26′ 58.7″,152.0,0.025773876,0.1448958299999999,0.0,Mirfak,0590,8.5,68
288,288,2MASS J02411151-0326587 [de],Cetus,2h 41m 11.51s,−3° 26′ 58.7″,152.0,0.025773876,0.1448958299999999,0.0,Wezen,"1,600",17,200
289,289,2MASS J02411151-0326587 [de],Cetus,2h 41m 11.51s,−3° 26′ 58.7″,152.0,0.025773876,0.1448958299999999,0.0,Wezen,"1,600",17,200
290,290,2MASS J02431371−2453298,Fornax,2h 43m 13.71s,−24° 53′ 29.8″,35.0,0.031501404,0.1017353699999999,2002.0,Wezen,"1,600",17,200
291,291,2MASS J02431371−2453298,Fornax,2h 43m 13.71s,−24° 53′ 29.8″,35.0,0.031501404,0.1017353699999999,2002.0,Wezen,"1,600",17,200
292,292,2MASS J02431371−2453298,Fornax,2h 43m 13.71s,−24° 53′ 29.8″,35.0,0.031501404,0.1017353699999999,2002.0,Wezen,"1,600",17,200
293,293,2MASS J02431371−2453298,Fornax,2h 43m 13.71s,−24° 53′ 29.8″,35.0,0.031501404,0.1017353699999999,2002.0,Wezen,"1,600",17,200
294,294,2MASS J02431371−2453298,Fornax,2h 43m 13.71s,−24° 53′ 29.8″,35.0,0.031501404,0.1017353699999999,2002.0,Wezen,"1,600",17,200
295,295,2MASS J02431371−2453298,Fornax,2h 43m 13.71s,−24° 53′ 29.8″,35.0,0.031501404,0.1017353699999999,2002.0,Wezen,"1,600",17,200
296,296,2MASS J02431371−2453298,Fornax,2h 43m 13.71s,−24° 53′ 29.8″,35.0,0.031501404,0.1017353699999999,2002.0,Sargas,0270,5.7,26
297,297,2MASS J02431371−2453298,Fornax,2h 43m 13.71s,−24° 53′ 29.8″,35.0,0.031501404,0.1017353699999999,2002.0,Sargas,0270,5.7,26
298,298,2MASS J02431371−2453298,Fornax,2h 43m 13.71s,−24° 53′ 29.8″,35.0,0.031501404,0.1017353699999999,2002.0,Sargas,0270,5.7,26
299,299,2MASS J02431371−2453298,Fornax,2h 43m 13.71s,−24° 53′ 29.8″,35.0,0.031501404,0.1017353699999999,2002.0,Sargas,0270,5.7,26
300,300,LP 771-21,0,2h 48m 41s,−16° 51′ 21.6″,53.0,0.074457864,0.11098404,0.0,Sargas,0270,5.7,26
301,301,LP 771-21,0,2h 48m 41s,−16° 51′ 21.6″,53.0,0.074457864,0.11098404,0.0,Sargas,0270,5.7,26
302,302,LP 771-21,0,2h 48m 41s,−16° 51′ 21.6″,53.0,0.074457864,0.11098404,0.0,Sargas,0270,5.7,26
303,303,LP 771-21,0,2h 48m 41s,−16° 51′ 21.6″,53.0,0.074457864,0.11098404,0.0,Sargas,0270,5.7,26
304,304,LP 771-21,0,2h 48m 41s,−16° 51′ 21.6″,53.0,0.074457864,0.11098404,0.0,Kaus Australis,0140,3.5,6.8
305,305,LP 771-21,0,2h 48m 41s,−16° 51′ 21.6″,53.0,0.074457864,0.11098404,0.0,Kaus Australis,0140,3.5,6.8
306,306,LP 771-21,0,2h 48m 41s,−16° 51′ 21.6″,53.0,0.074457864,0.11098404,0.0,Kaus Australis,0140,3.5,6.8
307,307,LP 771-21,0,2h 48m 41s,−16° 51′ 21.6″,53.0,0.074457864,0.11098404,0.0,Kaus Australis,0140,3.5,6.8
308,308,LP 771-21,0,2h 48m 41s,−16° 51′ 21.6″,53.0,0.074457864,0.11098404,0.0,Kaus Australis,0140,3.5,6.8
309,309,LP 771-21,0,2h 48m 41s,−16° 51′ 21.6″,53.0,0.074457864,0.11098404,0.0,Kaus Australis,0140,3.5,6.8
320,320,2MASS J02535980+3206373,0,2h 53m 59.8s,32° 6′ 37.3″,184.0,0.06204822,0.1952496999999999,0.0,Alkaid,0104,6.1,3.4
321,321,2MASS J02535980+3206373,0,2h 53m 59.8s,32° 6′ 37.3″,184.0,0.06204822,0.1952496999999999,0.0,Alkaid,0104,6.1,3.4
322,322,2MASS J02535980+3206373,0,2h 53m 59.8s,32° 6′ 37.3″,184.0,0.06204822,0.1952496999999999,0.0,Alkaid,0104,6.1,3.4
323,323,2MASS J02535980+3206373,0,2h 53m 59.8s,32° 6′ 37.3″,184.0,0.06204822,0.1952496999999999,0.0,Alkaid,0104,6.1,3.4
324,324,2MASS J02535980+3206373,0,2h 53m 59.8s,32° 6′ 37.3″,184.0,0.06204822,0.1952496999999999,0.0,Alkaid,0104,6.1,3.4
325,325,2MASS J02535980+3206373,0,2h 53m 59.8s,32° 6′ 37.3″,184.0,0.06204822,0.1952496999999999,0.0,Alkaid,0104,6.1,3.4
326,326,2MASS J02535980+3206373,0,2h 53m 59.8s,32° 6′ 37.3″,184.0,0.06204822,0.1952496999999999,0.0,Alkaid,0104,6.1,3.4
327,327,2MASS J02535980+3206373,0,2h 53m 59.8s,32° 6′ 37.3″,184.0,0.06204822,0.1952496999999999,0.0,Alkaid,0104,6.1,3.4
328,328,2MASS J02535980+3206373,0,2h 53m 59.8s,32° 6′ 37.3″,184.0,0.06204822,0.1952496999999999,0.0,Menkalinan,081,2.39,2.77
329,329,2MASS J02535980+3206373,0,2h 53m 59.8s,32° 6′ 37.3″,184.0,0.06204822,0.1952496999999999,0.0,Menkalinan,081,2.39,2.77
330,330,WISE J0254+0223,Cetus,2h 54m 9.45s,2° 23′ 59.1″,24.0,0.06204822,0.1952496999999999,0.0,Menkalinan,081,2.39,2.77
331,331,WISE J0254+0223,Cetus,2h 54m 9.45s,2° 23′ 59.1″,24.0,0.06204822,0.1952496999999999,0.0,Menkalinan,081,2.39,2.77
332,332,WISE J0254+0223,Cetus,2h 54m 9.45s,2° 23′ 59.1″,24.0,0.06204822,0.1952496999999999,0.0,Menkalinan,081,2.39,2.77
333,333,WISE J0254+0223,Cetus,2h 54m 9.45s,2° 23′ 59.1″,24.0,0.06204822,0.1952496999999999,0.0,Menkalinan,081,2.39,2.77
334,334,WISE J0254+0223,Cetus,2h 54m 9.45s,2° 23′ 59.1″,24.0,0.06204822,0.1952496999999999,0.0,Menkalinan,081,2.39,2.77
335,335,WISE J0254+0223,Cetus,2h 54m 9.45s,2° 23′ 59.1″,24.0,0.06204822,0.1952496999999999,0.0,Menkalinan,081,2.39,2.77
336,336,WISE J0254+0223,Cetus,2h 54m 9.45s,2° 23′ 59.1″,24.0,0.06204822,0.1952496999999999,0.0,Atria,0390,7,92
337,337,WISE J0254+0223,Cetus,2h 54m 9.45s,2° 23′ 59.1″,24.0,0.06204822,0.1952496999999999,0.0,Atria,0390,7,92
338,338,WISE J0254+0223,Cetus,2h 54m 9.45s,2° 23′ 59.1″,24.0,0.06204822,0.1952496999999999,0.0,Atria,0390,7,92
339,339,WISE J0254+0223,Cetus,2h 54m 9.45s,2° 23′ 59.1″,24.0,0.06204822,0.1952496999999999,0.0,Atria,0390,7,92
340,340,DEN 0255-4700,Eridanus,2h 55m 3.57s,−47° 0′ 50.9″,16.2,0.07636704,0.0996801099999999,2006.0,Atria,0390,7,92
341,341,DEN 0255-4700,Eridanus,2h 55m 3.57s,−47° 0′ 50.9″,16.2,0.07636704,0.0996801099999999,2006.0,Atria,0390,7,92
342,342,DEN 0255-4700,Eridanus,2h 55m 3.57s,−47° 0′ 50.9″,16.2,0.07636704,0.0996801099999999,2006.0,Atria,0390,7,92
343,343,DEN 0255-4700,Eridanus,2h 55m 3.57s,−47° 0′ 50.9″,16.2,0.07636704,0.0996801099999999,2006.0,Atria,0390,7,92
344,344,DEN 0255-4700,Eridanus,2h 55m 3.57s,−47° 0′ 50.9″,16.2,0.07636704,0.0996801099999999,2006.0,Alhena,0109,2.8,3.3
345,345,DEN 0255-4700,Eridanus,2h 55m 3.57s,−47° 0′ 50.9″,16.2,0.07636704,0.0996801099999999,2006.0,Alhena,0109,2.8,3.3
346,346,DEN 0255-4700,Eridanus,2h 55m 3.57s,−47° 0′ 50.9″,16.2,0.07636704,0.0996801099999999,2006.0,Alhena,0109,2.8,3.3
347,347,DEN 0255-4700,Eridanus,2h 55m 3.57s,−47° 0′ 50.9″,16.2,0.07636704,0.0996801099999999,2006.0,Alhena,0109,2.8,3.3
348,348,DEN 0255-4700,Eridanus,2h 55m 3.57s,−47° 0′ 50.9″,16.2,0.07636704,0.0996801099999999,2006.0,Alhena,0109,2.8,3.3
349,349,DEN 0255-4700,Eridanus,2h 55m 3.57s,−47° 0′ 50.9″,16.2,0.07636704,0.0996801099999999,2006.0,Alhena,0109,2.8,3.3
350,350,2MASS J03185403-3421292 [de],Fornax,3h 18m 54.03s,−34° 21′ 29.2″,45.0,0.046774812,0.0996801099999999,2008.0,Alhena,0109,2.8,3.3
351,351,2MASS J03185403-3421292 [de],Fornax,3h 18m 54.03s,−34° 21′ 29.2″,45.0,0.046774812,0.0996801099999999,2008.0,Alhena,0109,2.8,3.3
352,352,2MASS J03185403-3421292 [de],Fornax,3h 18m 54.03s,−34° 21′ 29.2″,45.0,0.046774812,0.0996801099999999,2008.0,Peacock,0180,5.9,4.8
353,353,2MASS J03185403-3421292 [de],Fornax,3h 18m 54.03s,−34° 21′ 29.2″,45.0,0.046774812,0.0996801099999999,2008.0,Peacock,0180,5.9,4.8
354,354,2MASS J03185403-3421292 [de],Fornax,3h 18m 54.03s,−34° 21′ 29.2″,45.0,0.046774812,0.0996801099999999,2008.0,Peacock,0180,5.9,4.8
355,355,2MASS J03185403-3421292 [de],Fornax,3h 18m 54.03s,−34° 21′ 29.2″,45.0,0.046774812,0.0996801099999999,2008.0,Peacock,0180,5.9,4.8
356,356,2MASS J03185403-3421292 [de],Fornax,3h 18m 54.03s,−34° 21′ 29.2″,45.0,0.046774812,0.0996801099999999,2008.0,Peacock,0180,5.9,4.8
357,357,2MASS J03185403-3421292 [de],Fornax,3h 18m 54.03s,−34° 21′ 29.2″,45.0,0.046774812,0.0996801099999999,2008.0,Peacock,0180,5.9,4.8
358,358,2MASS J03185403-3421292 [de],Fornax,3h 18m 54.03s,−34° 21′ 29.2″,45.0,0.046774812,0.0996801099999999,2008.0,Peacock,0180,5.9,4.8
359,359,2MASS J03185403-3421292 [de],Fornax,3h 18m 54.03s,−34° 21′ 29.2″,45.0,0.046774812,0.0996801099999999,2008.0,Peacock,0180,5.9,4.8
360,360,2MASS J03205965+1854233,0,3h 20m 59.65s,18° 54′ 23.3″,47.0,0.084003744,0.1181774499999999,0.0,Alsephina[2],0080,2.4,2.9
361,361,2MASS J03205965+1854233,0,3h 20m 59.65s,18° 54′ 23.3″,47.0,0.084003744,0.1181774499999999,0.0,Alsephina[2],0080,2.4,2.9
362,362,2MASS J03205965+1854233,0,3h 20m 59.65s,18° 54′ 23.3″,47.0,0.084003744,0.1181774499999999,0.0,Alsephina[2],0080,2.4,2.9
363,363,2MASS J03205965+1854233,0,3h 20m 59.65s,18° 54′ 23.3″,47.0,0.084003744,0.1181774499999999,0.0,Alsephina[2],0080,2.4,2.9
364,364,2MASS J03205965+1854233,0,3h 20m 59.65s,18° 54′ 23.3″,47.0,0.084003744,0.1181774499999999,0.0,Alsephina[2],0080,2.4,2.9
365,365,2MASS J03205965+1854233,0,3h 20m 59.65s,18° 54′ 23.3″,47.0,0.084003744,0.1181774499999999,0.0,Alsephina[2],0080,2.4,2.9
366,366,2MASS J03205965+1854233,0,3h 20m 59.65s,18° 54′ 23.3″,47.0,0.084003744,0.1181774499999999,0.0,Alsephina[2],0080,2.4,2.9
367,367,2MASS J03205965+1854233,0,3h 20m 59.65s,18° 54′ 23.3″,47.0,0.084003744,0.1181774499999999,0.0,Alsephina[2],0080,2.4,2.9
368,368,2MASS J03205965+1854233,0,3h 20m 59.65s,18° 54′ 23.3″,47.0,0.084003744,0.1181774499999999,0.0,Mirzam,0500,13.5,10
369,369,2MASS J03205965+1854233,0,3h 20m 59.65s,18° 54′ 23.3″,47.0,0.084003744,0.1181774499999999,0.0,Mirzam,0500,13.5,10
370,370,2MASS J03231002-4631237,0,3h 23m 10.02s,−46° 31′ 23.7″,192.0,0.021955524,0.17058658,0.0,Mirzam,0500,13.5,10
371,371,2MASS J03231002-4631237,0,3h 23m 10.02s,−46° 31′ 23.7″,192.0,0.021955524,0.17058658,0.0,Mirzam,0500,13.5,10
372,372,2MASS J03231002-4631237,0,3h 23m 10.02s,−46° 31′ 23.7″,192.0,0.021955524,0.17058658,0.0,Mirzam,0500,13.5,10
373,373,2MASS J03231002-4631237,0,3h 23m 10.02s,−46° 31′ 23.7″,192.0,0.021955524,0.17058658,0.0,Mirzam,0500,13.5,10
374,374,2MASS J03231002-4631237,0,3h 23m 10.02s,−46° 31′ 23.7″,192.0,0.021955524,0.17058658,0.0,Mirzam,0500,13.5,10
375,375,2MASS J03231002-4631237,0,3h 23m 10.02s,−46° 31′ 23.7″,192.0,0.021955524,0.17058658,0.0,Mirzam,0500,13.5,10
376,376,2MASS J03231002-4631237,0,3h 23m 10.02s,−46° 31′ 23.7″,192.0,0.021955524,0.17058658,0.0,Polaris,0430,5.4,39
377,377,2MASS J03231002-4631237,0,3h 23m 10.02s,−46° 31′ 23.7″,192.0,0.021955524,0.17058658,0.0,Polaris,0430,5.4,39
378,378,2MASS J03231002-4631237,0,3h 23m 10.02s,−46° 31′ 23.7″,192.0,0.021955524,0.17058658,0.0,Polaris,0430,5.4,39
379,379,2MASS J03231002-4631237,0,3h 23m 10.02s,−46° 31′ 23.7″,192.0,0.021955524,0.17058658,0.0,Polaris,0430,5.4,39
380,380,SDSS J032553.17+042540.1,0,3h 25m 53.22s,4° 25′ 40.6″,59.0,0.04295646,0.0976248499999999,0.0,Polaris,0430,5.4,39
381,381,SDSS J032553.17+042540.1,0,3h 25m 53.22s,4° 25′ 40.6″,59.0,0.04295646,0.0976248499999999,0.0,Polaris,0430,5.4,39
382,382,SDSS J032553.17+042540.1,0,3h 25m 53.22s,4° 25′ 40.6″,59.0,0.04295646,0.0976248499999999,0.0,Polaris,0430,5.4,39
383,383,SDSS J032553.17+042540.1,0,3h 25m 53.22s,4° 25′ 40.6″,59.0,0.04295646,0.0976248499999999,0.0,Polaris,0430,5.4,39
384,384,SDSS J032553.17+042540.1,0,3h 25m 53.22s,4° 25′ 40.6″,59.0,0.04295646,0.0976248499999999,0.0,Alphard,0180,3.0,50
385,385,SDSS J032553.17+042540.1,0,3h 25m 53.22s,4° 25′ 40.6″,59.0,0.04295646,0.0976248499999999,0.0,Alphard,0180,3.0,50
386,386,SDSS J032553.17+042540.1,0,3h 25m 53.22s,4° 25′ 40.6″,59.0,0.04295646,0.0976248499999999,0.0,Alphard,0180,3.0,50
387,387,SDSS J032553.17+042540.1,0,3h 25m 53.22s,4° 25′ 40.6″,59.0,0.04295646,0.0976248499999999,0.0,Alphard,0180,3.0,50
388,388,SDSS J032553.17+042540.1,0,3h 25m 53.22s,4° 25′ 40.6″,59.0,0.04295646,0.0976248499999999,0.0,Alphard,0180,3.0,50
389,389,SDSS J032553.17+042540.1,0,3h 25m 53.22s,4° 25′ 40.6″,59.0,0.04295646,0.0976248499999999,0.0,Alphard,0180,3.0,50
390,390,2MASS J03264225-2102057 [de],Eridanus,3h 26m 42.25s,−21° 2′ 5.7″,80.0,0.017182584,0.1335918999999999,2003.0,Alphard,0180,3.0,50
391,391,2MASS J03264225-2102057 [de],Eridanus,3h 26m 42.25s,−21° 2′ 5.7″,80.0,0.017182584,0.1335918999999999,2003.0,Alphard,0180,3.0,50
392,392,2MASS J03264225-2102057 [de],Eridanus,3h 26m 42.25s,−21° 2′ 5.7″,80.0,0.017182584,0.1335918999999999,2003.0,Mintaka,01200,24,16.5
393,393,2MASS J03264225-2102057 [de],Eridanus,3h 26m 42.25s,−21° 2′ 5.7″,80.0,0.017182584,0.1335918999999999,2003.0,Mintaka,01200,24,16.5
394,394,2MASS J03264225-2102057 [de],Eridanus,3h 26m 42.25s,−21° 2′ 5.7″,80.0,0.017182584,0.1335918999999999,2003.0,Mintaka,01200,24,16.5
395,395,2MASS J03264225-2102057 [de],Eridanus,3h 26m 42.25s,−21° 2′ 5.7″,80.0,0.017182584,0.1335918999999999,2003.0,Mintaka,01200,24,16.5
396,396,2MASS J03264225-2102057 [de],Eridanus,3h 26m 42.25s,−21° 2′ 5.7″,80.0,0.017182584,0.1335918999999999,2003.0,Mintaka,01200,24,16.5
397,397,2MASS J03264225-2102057 [de],Eridanus,3h 26m 42.25s,−21° 2′ 5.7″,80.0,0.017182584,0.1335918999999999,2003.0,Mintaka,01200,24,16.5
398,398,2MASS J03264225-2102057 [de],Eridanus,3h 26m 42.25s,−21° 2′ 5.7″,80.0,0.017182584,0.1335918999999999,2003.0,Mintaka,01200,24,16.5
399,399,2MASS J03264225-2102057 [de],Eridanus,3h 26m 42.25s,−21° 2′ 5.7″,80.0,0.017182584,0.1335918999999999,2003.0,Mintaka,01200,24,16.5
400,400,2MASS J03284265+2302051 [de],Taurus,3h 28m 42.65s,23° 2′ 5.1″,98.0,0.051547752,0.1007077399999999,2000.0,Scheat,0196,2.1,95
401,401,2MASS J03284265+2302051 [de],Taurus,3h 28m 42.65s,23° 2′ 5.1″,98.0,0.051547752,0.1007077399999999,2000.0,Scheat,0196,2.1,95
402,402,2MASS J03284265+2302051 [de],Taurus,3h 28m 42.65s,23° 2′ 5.1″,98.0,0.051547752,0.1007077399999999,2000.0,Scheat,0196,2.1,95
403,403,2MASS J03284265+2302051 [de],Taurus,3h 28m 42.65s,23° 2′ 5.1″,98.0,0.051547752,0.1007077399999999,2000.0,Scheat,0196,2.1,95
404,404,2MASS J03284265+2302051 [de],Taurus,3h 28m 42.65s,23° 2′ 5.1″,98.0,0.051547752,0.1007077399999999,2000.0,Scheat,0196,2.1,95
405,405,2MASS J03284265+2302051 [de],Taurus,3h 28m 42.65s,23° 2′ 5.1″,98.0,0.051547752,0.1007077399999999,2000.0,Scheat,0196,2.1,95
406,406,2MASS J03284265+2302051 [de],Taurus,3h 28m 42.65s,23° 2′ 5.1″,98.0,0.051547752,0.1007077399999999,2000.0,Scheat,0196,2.1,95
407,407,2MASS J03284265+2302051 [de],Taurus,3h 28m 42.65s,23° 2′ 5.1″,98.0,0.051547752,0.1007077399999999,2000.0,Scheat,0196,2.1,95
408,408,2MASS J03284265+2302051 [de],Taurus,3h 28m 42.65s,23° 2′ 5.1″,98.0,0.051547752,0.1007077399999999,2000.0,Almaaz,0653,15,140
409,409,2MASS J03284265+2302051 [de],Taurus,3h 28m 42.65s,23° 2′ 5.1″,98.0,0.051547752,0.1007077399999999,2000.0,Almaaz,0653,15,140
410,410,2MASS J03341218-4953322,0,3h 34m 12.18s,−49° 53′ 32.2″,27.0,0.069684924,0.10687352,0.0,Almaaz,0653,15,140
411,411,2MASS J03341218-4953322,0,3h 34m 12.18s,−49° 53′ 32.2″,27.0,0.069684924,0.10687352,0.0,Almaaz,0653,15,140
412,412,2MASS J03341218-4953322,0,3h 34m 12.18s,−49° 53′ 32.2″,27.0,0.069684924,0.10687352,0.0,Almaaz,0653,15,140
413,413,2MASS J03341218-4953322,0,3h 34m 12.18s,−49° 53′ 32.2″,27.0,0.069684924,0.10687352,0.0,Almaaz,0653,15,140
414,414,2MASS J03341218-4953322,0,3h 34m 12.18s,−49° 53′ 32.2″,27.0,0.069684924,0.10687352,0.0,Almaaz,0653,15,140
415,415,2MASS J03341218-4953322,0,3h 34m 12.18s,−49° 53′ 32.2″,27.0,0.069684924,0.10687352,0.0,Almaaz,0653,15,140
416,416,2MASS J03341218-4953322,0,3h 34m 12.18s,−49° 53′ 32.2″,27.0,0.069684924,0.10687352,0.0,Rasalgethi,0360,2.8,280
417,417,2MASS J03341218-4953322,0,3h 34m 12.18s,−49° 53′ 32.2″,27.0,0.069684924,0.10687352,0.0,Rasalgethi,0360,2.8,280
418,418,2MASS J03341218-4953322,0,3h 34m 12.18s,−49° 53′ 32.2″,27.0,0.069684924,0.10687352,0.0,Rasalgethi,0360,2.8,280
419,419,2MASS J03341218-4953322,0,3h 34m 12.18s,−49° 53′ 32.2″,27.0,0.069684924,0.10687352,0.0,Rasalgethi,0360,2.8,280
420,420,LP 944-20,Fornax,3h 39m 35.22s,−35° 25′ 44″,20.9,0.069684924,0.1469510899999999,0.0,Rasalgethi,0360,2.8,280
421,421,LP 944-20,Fornax,3h 39m 35.22s,−35° 25′ 44″,20.9,0.069684924,0.1469510899999999,0.0,Rasalgethi,0360,2.8,280
422,422,LP 944-20,Fornax,3h 39m 35.22s,−35° 25′ 44″,20.9,0.069684924,0.1469510899999999,0.0,Rasalgethi,0360,2.8,280
423,423,LP 944-20,Fornax,3h 39m 35.22s,−35° 25′ 44″,20.9,0.069684924,0.1469510899999999,0.0,Rasalgethi,0360,2.8,280
424,424,LP 944-20,Fornax,3h 39m 35.22s,−35° 25′ 44″,20.9,0.069684924,0.1469510899999999,0.0,Tau Ceti,011.9,0.783,0.893
425,425,LP 944-20,Fornax,3h 39m 35.22s,−35° 25′ 44″,20.9,0.069684924,0.1469510899999999,0.0,Tau Ceti,011.9,0.783,0.893
426,426,LP 944-20,Fornax,3h 39m 35.22s,−35° 25′ 44″,20.9,0.069684924,0.1469510899999999,0.0,Tau Ceti,011.9,0.783,0.893
427,427,LP 944-20,Fornax,3h 39m 35.22s,−35° 25′ 44″,20.9,0.069684924,0.1469510899999999,0.0,Tau Ceti,011.9,0.783,0.893
428,428,LP 944-20,Fornax,3h 39m 35.22s,−35° 25′ 44″,20.9,0.069684924,0.1469510899999999,0.0,Tau Ceti,011.9,0.783,0.893
429,429,LP 944-20,Fornax,3h 39m 35.22s,−35° 25′ 44″,20.9,0.069684924,0.1469510899999999,0.0,Tau Ceti,011.9,0.783,0.893
430,430,2MASP J0345432+254023,0,3h 45m 43.16s,25° 40′ 23.3″,88.0,0.070639512,0.10790115,1997.0,Tau Ceti,011.9,0.783,0.893
431,431,2MASP J0345432+254023,0,3h 45m 43.16s,25° 40′ 23.3″,88.0,0.070639512,0.10790115,1997.0,Tau Ceti,011.9,0.783,0.893
432,432,2MASP J0345432+254023,0,3h 45m 43.16s,25° 40′ 23.3″,88.0,0.070639512,0.10790115,1997.0,Delta Pavonis,019.92,0.991,1.22
433,433,2MASP J0345432+254023,0,3h 45m 43.16s,25° 40′ 23.3″,88.0,0.070639512,0.10790115,1997.0,Delta Pavonis,019.92,0.991,1.22
434,434,2MASP J0345432+254023,0,3h 45m 43.16s,25° 40′ 23.3″,88.0,0.070639512,0.10790115,1997.0,Delta Pavonis,019.92,0.991,1.22
435,435,2MASP J0345432+254023,0,3h 45m 43.16s,25° 40′ 23.3″,88.0,0.070639512,0.10790115,1997.0,Delta Pavonis,019.92,0.991,1.22
436,436,2MASP J0345432+254023,0,3h 45m 43.16s,25° 40′ 23.3″,88.0,0.070639512,0.10790115,1997.0,Delta Pavonis,019.92,0.991,1.22
437,437,2MASP J0345432+254023,0,3h 45m 43.16s,25° 40′ 23.3″,88.0,0.070639512,0.10790115,1997.0,Delta Pavonis,019.92,0.991,1.22
438,438,2MASP J0345432+254023,0,3h 45m 43.16s,25° 40′ 23.3″,88.0,0.070639512,0.10790115,1997.0,Delta Pavonis,019.92,0.991,1.22
439,439,2MASP J0345432+254023,0,3h 45m 43.16s,25° 40′ 23.3″,88.0,0.070639512,0.10790115,1997.0,Delta Pavonis,019.92,0.991,1.22
440,440,Teide 1,Taurus,3h 47m 18s,+24° 22′ 31″,380.0,0.05250234,0.3884441399999999,1995.0,Ran,010.48,0.82,0.74
441,441,Teide 1,Taurus,3h 47m 18s,+24° 22′ 31″,380.0,0.05250234,0.3884441399999999,1995.0,Ran,010.48,0.82,0.74
442,442,Teide 1,Taurus,3h 47m 18s,+24° 22′ 31″,380.0,0.05250234,0.3884441399999999,1995.0,Ran,010.48,0.82,0.74
443,443,Teide 1,Taurus,3h 47m 18s,+24° 22′ 31″,380.0,0.05250234,0.3884441399999999,1995.0,Ran,010.48,0.82,0.74
444,444,Teide 1,Taurus,3h 47m 18s,+24° 22′ 31″,380.0,0.05250234,0.3884441399999999,1995.0,Ran,010.48,0.82,0.74
445,445,Teide 1,Taurus,3h 47m 18s,+24° 22′ 31″,380.0,0.05250234,0.3884441399999999,1995.0,Ran,010.48,0.82,0.74
446,446,Teide 1,Taurus,3h 47m 18s,+24° 22′ 31″,380.0,0.05250234,0.3884441399999999,1995.0,Ran,010.48,0.82,0.74
447,447,Teide 1,Taurus,3h 47m 18s,+24° 22′ 31″,380.0,0.05250234,0.3884441399999999,1995.0,Ran,010.48,0.82,0.74
448,448,Teide 1,Taurus,3h 47m 18s,+24° 22′ 31″,380.0,0.05250234,0.3884441399999999,1995.0,V382 Carinae,"08,900",20,485
449,449,Teide 1,Taurus,3h 47m 18s,+24° 22′ 31″,380.0,0.05250234,0.3884441399999999,1995.0,V382 Carinae,"08,900",20,485
450,450,2MASS J03510004-0052452,0,3h 51m 0.04s,−0° 52′ 45.2″,48.0,0.097367976,0.1305090099999999,0.0,V382 Carinae,"08,900",20,485
451,451,2MASS J03510004-0052452,0,3h 51m 0.04s,−0° 52′ 45.2″,48.0,0.097367976,0.1305090099999999,0.0,V382 Carinae,"08,900",20,485
452,452,2MASS J03510004-0052452,0,3h 51m 0.04s,−0° 52′ 45.2″,48.0,0.097367976,0.1305090099999999,0.0,V382 Carinae,"08,900",20,485
453,453,2MASS J03510004-0052452,0,3h 51m 0.04s,−0° 52′ 45.2″,48.0,0.097367976,0.1305090099999999,0.0,V382 Carinae,"08,900",20,485
454,454,2MASS J03510004-0052452,0,3h 51m 0.04s,−0° 52′ 45.2″,48.0,0.097367976,0.1305090099999999,0.0,V382 Carinae,"08,900",20,485
455,455,2MASS J03510004-0052452,0,3h 51m 0.04s,−0° 52′ 45.2″,48.0,0.097367976,0.1305090099999999,0.0,V382 Carinae,"08,900",20,485
456,456,2MASS J03510004-0052452,0,3h 51m 0.04s,−0° 52′ 45.2″,48.0,0.097367976,0.1305090099999999,0.0,Eta Carinae,"07,500",100,60 - 881
457,457,2MASS J03510004-0052452,0,3h 51m 0.04s,−0° 52′ 45.2″,48.0,0.097367976,0.1305090099999999,0.0,Eta Carinae,"07,500",100,60 - 881
458,458,2MASS J03510004-0052452,0,3h 51m 0.04s,−0° 52′ 45.2″,48.0,0.097367976,0.1305090099999999,0.0,Eta Carinae,"07,500",100,60 - 881
459,459,2MASS J03510004-0052452,0,3h 51m 0.04s,−0° 52′ 45.2″,48.0,0.097367976,0.1305090099999999,0.0,Eta Carinae,"07,500",100,60 - 881
460,460,2MASS J03552337+1133437,Taurus,3h 55m 23.37s,11° 33′ 43.7″,29.8,0.01909176,0.13564716,2006.0,Eta Carinae,"07,500",100,60 - 881
461,461,2MASS J03552337+1133437,Taurus,3h 55m 23.37s,11° 33′ 43.7″,29.8,0.01909176,0.13564716,2006.0,Eta Carinae,"07,500",100,60 - 881
462,462,2MASS J03552337+1133437,Taurus,3h 55m 23.37s,11° 33′ 43.7″,29.8,0.01909176,0.13564716,2006.0,Eta Carinae,"07,500",100,60 - 881
463,463,2MASS J03552337+1133437,Taurus,3h 55m 23.37s,11° 33′ 43.7″,29.8,0.01909176,0.13564716,2006.0,Eta Carinae,"07,500",100,60 - 881
464,464,2MASS J03552337+1133437,Taurus,3h 55m 23.37s,11° 33′ 43.7″,29.8,0.01909176,0.13564716,2006.0,Delta Cephei,0887,4.5,44.5
465,465,2MASS J03552337+1133437,Taurus,3h 55m 23.37s,11° 33′ 43.7″,29.8,0.01909176,0.13564716,2006.0,Delta Cephei,0887,4.5,44.5
466,466,2MASS J03552337+1133437,Taurus,3h 55m 23.37s,11° 33′ 43.7″,29.8,0.01909176,0.13564716,2006.0,Delta Cephei,0887,4.5,44.5
467,467,2MASS J03552337+1133437,Taurus,3h 55m 23.37s,11° 33′ 43.7″,29.8,0.01909176,0.13564716,2006.0,Delta Cephei,0887,4.5,44.5
468,468,2MASS J03552337+1133437,Taurus,3h 55m 23.37s,11° 33′ 43.7″,29.8,0.01909176,0.13564716,2006.0,Delta Cephei,0887,4.5,44.5
469,469,2MASS J03552337+1133437,Taurus,3h 55m 23.37s,11° 33′ 43.7″,29.8,0.01909176,0.13564716,2006.0,Delta Cephei,0887,4.5,44.5
480,480,2MASS J04151954−0935066,Eridanus,4h 15m 19.54s,−9° 35′ 6.6″,18.6,0.02863764,0.0976248499999999,2002.0,Titawin,044.25,1.27,1.48
481,481,2MASS J04151954−0935066,Eridanus,4h 15m 19.54s,−9° 35′ 6.6″,18.6,0.02863764,0.0976248499999999,2002.0,Titawin,044.25,1.27,1.48
482,482,2MASS J04151954−0935066,Eridanus,4h 15m 19.54s,−9° 35′ 6.6″,18.6,0.02863764,0.0976248499999999,2002.0,Titawin,044.25,1.27,1.48
483,483,2MASS J04151954−0935066,Eridanus,4h 15m 19.54s,−9° 35′ 6.6″,18.6,0.02863764,0.0976248499999999,2002.0,Titawin,044.25,1.27,1.48
484,484,2MASS J04151954−0935066,Eridanus,4h 15m 19.54s,−9° 35′ 6.6″,18.6,0.02863764,0.0976248499999999,2002.0,Titawin,044.25,1.27,1.48
485,485,2MASS J04151954−0935066,Eridanus,4h 15m 19.54s,−9° 35′ 6.6″,18.6,0.02863764,0.0976248499999999,2002.0,Titawin,044.25,1.27,1.48
486,486,2MASS J04151954−0935066,Eridanus,4h 15m 19.54s,−9° 35′ 6.6″,18.6,0.02863764,0.0976248499999999,2002.0,Titawin,044.25,1.27,1.48
487,487,2MASS J04151954−0935066,Eridanus,4h 15m 19.54s,−9° 35′ 6.6″,18.6,0.02863764,0.0976248499999999,2002.0,Titawin,044.25,1.27,1.48
488,488,2MASS J04151954−0935066,Eridanus,4h 15m 19.54s,−9° 35′ 6.6″,18.6,0.02863764,0.0976248499999999,2002.0,Rho Cassiopeiae,"08,154",22,636-981
489,489,2MASS J04151954−0935066,Eridanus,4h 15m 19.54s,−9° 35′ 6.6″,18.6,0.02863764,0.0976248499999999,2002.0,Rho Cassiopeiae,"08,154",22,636-981
500,500,2MASS J04285096-2253227 [de],Eridanus,4h 28m 50.96s,−22° 53′ 22.7″,85.0,0.07636704,0.11201167,2003.0,P Cygni,"05,545",30,76
501,501,2MASS J04285096-2253227 [de],Eridanus,4h 28m 50.96s,−22° 53′ 22.7″,85.0,0.07636704,0.11201167,2003.0,P Cygni,"05,545",30,76
502,502,2MASS J04285096-2253227 [de],Eridanus,4h 28m 50.96s,−22° 53′ 22.7″,85.0,0.07636704,0.11201167,2003.0,P Cygni,"05,545",30,76
503,503,2MASS J04285096-2253227 [de],Eridanus,4h 28m 50.96s,−22° 53′ 22.7″,85.0,0.07636704,0.11201167,2003.0,P Cygni,"05,545",30,76
504,504,2MASS J04285096-2253227 [de],Eridanus,4h 28m 50.96s,−22° 53′ 22.7″,85.0,0.07636704,0.11201167,2003.0,La Superba,"01,000",,129 - 342
505,505,2MASS J04285096-2253227 [de],Eridanus,4h 28m 50.96s,−22° 53′ 22.7″,85.0,0.07636704,0.11201167,2003.0,La Superba,"01,000",,129 - 342
506,506,2MASS J04285096-2253227 [de],Eridanus,4h 28m 50.96s,−22° 53′ 22.7″,85.0,0.07636704,0.11201167,2003.0,La Superba,"01,000",,129 - 342
507,507,2MASS J04285096-2253227 [de],Eridanus,4h 28m 50.96s,−22° 53′ 22.7″,85.0,0.07636704,0.11201167,2003.0,La Superba,"01,000",,129 - 342
508,508,2MASS J04285096-2253227 [de],Eridanus,4h 28m 50.96s,−22° 53′ 22.7″,85.0,0.07636704,0.11201167,2003.0,La Superba,"01,000",,129 - 342
509,509,2MASS J04285096-2253227 [de],Eridanus,4h 28m 50.96s,−22° 53′ 22.7″,85.0,0.07636704,0.11201167,2003.0,La Superba,"01,000",,129 - 342
510,510,2MASS J04351612-1606574,0,4h 35m 16.13s,−16° 6′ 57.5″,34.0,0.0954588,0.1294813799999999,0.0,La Superba,"01,000",,129 - 342
511,511,2MASS J04351612-1606574,0,4h 35m 16.13s,−16° 6′ 57.5″,34.0,0.0954588,0.1294813799999999,0.0,La Superba,"01,000",,129 - 342
512,512,2MASS J04351612-1606574,0,4h 35m 16.13s,−16° 6′ 57.5″,34.0,0.0954588,0.1294813799999999,0.0,VV Cephei,"04,900",18.2,"516 - 1,050"
513,513,2MASS J04351612-1606574,0,4h 35m 16.13s,−16° 6′ 57.5″,34.0,0.0954588,0.1294813799999999,0.0,VV Cephei,"04,900",18.2,"516 - 1,050"
514,514,2MASS J04351612-1606574,0,4h 35m 16.13s,−16° 6′ 57.5″,34.0,0.0954588,0.1294813799999999,0.0,VV Cephei,"04,900",18.2,"516 - 1,050"
515,515,2MASS J04351612-1606574,0,4h 35m 16.13s,−16° 6′ 57.5″,34.0,0.0954588,0.1294813799999999,0.0,VV Cephei,"04,900",18.2,"516 - 1,050"
516,516,2MASS J04351612-1606574,0,4h 35m 16.13s,−16° 6′ 57.5″,34.0,0.0954588,0.1294813799999999,0.0,VV Cephei,"04,900",18.2,"516 - 1,050"
517,517,2MASS J04351612-1606574,0,4h 35m 16.13s,−16° 6′ 57.5″,34.0,0.0954588,0.1294813799999999,0.0,VV Cephei,"04,900",18.2,"516 - 1,050"
518,518,2MASS J04351612-1606574,0,4h 35m 16.13s,−16° 6′ 57.5″,34.0,0.0954588,0.1294813799999999,0.0,VV Cephei,"04,900",18.2,"516 - 1,050"
519,519,2MASS J04351612-1606574,0,4h 35m 16.13s,−16° 6′ 57.5″,34.0,0.0954588,0.1294813799999999,0.0,VV Cephei,"04,900",18.2,"516 - 1,050"
520,520,2MASS J04362788-4114465,0,4h 36m 27.88s,−41° 14′ 46.5″,142.0,0.037228932,0.2024431099999999,0.0,61 Cygni,011.41,0.7,0.665
521,521,2MASS J04362788-4114465,0,4h 36m 27.88s,−41° 14′ 46.5″,142.0,0.037228932,0.2024431099999999,0.0,61 Cygni,011.41,0.7,0.665
522,522,2MASS J04362788-4114465,0,4h 36m 27.88s,−41° 14′ 46.5″,142.0,0.037228932,0.2024431099999999,0.0,61 Cygni,011.41,0.7,0.665
523,523,2MASS J04362788-4114465,0,4h 36m 27.88s,−41° 14′ 46.5″,142.0,0.037228932,0.2024431099999999,0.0,61 Cygni,011.41,0.7,0.665
524,524,2MASS J04362788-4114465,0,4h 36m 27.88s,−41° 14′ 46.5″,142.0,0.037228932,0.2024431099999999,0.0,61 Cygni,011.41,0.7,0.665
525,525,2MASS J04362788-4114465,0,4h 36m 27.88s,−41° 14′ 46.5″,142.0,0.037228932,0.2024431099999999,0.0,61 Cygni,011.41,0.7,0.665
526,526,2MASS J04362788-4114465,0,4h 36m 27.88s,−41° 14′ 46.5″,142.0,0.037228932,0.2024431099999999,0.0,61 Cygni,011.41,0.7,0.665
527,527,2MASS J04362788-4114465,0,4h 36m 27.88s,−41° 14′ 46.5″,142.0,0.037228932,0.2024431099999999,0.0,61 Cygni,011.41,0.7,0.665
528,528,2MASS J04362788-4114465,0,4h 36m 27.88s,−41° 14′ 46.5″,142.0,0.037228932,0.2024431099999999,0.0,R Doradus,0178,0.7 - 1.0,298
529,529,2MASS J04362788-4114465,0,4h 36m 27.88s,−41° 14′ 46.5″,142.0,0.037228932,0.2024431099999999,0.0,R Doradus,0178,0.7 - 1.0,298
530,530,2MASS J04390101-2353083 [de],Eridanus,4h 39m 1.01s,−23° 53′ 8.3″,29.5,0.045820224,0.0996801099999999,2003.0,R Doradus,0178,0.7 - 1.0,298
531,531,2MASS J04390101-2353083 [de],Eridanus,4h 39m 1.01s,−23° 53′ 8.3″,29.5,0.045820224,0.0996801099999999,2003.0,R Doradus,0178,0.7 - 1.0,298
532,532,2MASS J04390101-2353083 [de],Eridanus,4h 39m 1.01s,−23° 53′ 8.3″,29.5,0.045820224,0.0996801099999999,2003.0,R Doradus,0178,0.7 - 1.0,298
533,533,2MASS J04390101-2353083 [de],Eridanus,4h 39m 1.01s,−23° 53′ 8.3″,29.5,0.045820224,0.0996801099999999,2003.0,R Doradus,0178,0.7 - 1.0,298
534,534,2MASS J04390101-2353083 [de],Eridanus,4h 39m 1.01s,−23° 53′ 8.3″,29.5,0.045820224,0.0996801099999999,2003.0,R Doradus,0178,0.7 - 1.0,298
535,535,2MASS J04390101-2353083 [de],Eridanus,4h 39m 1.01s,−23° 53′ 8.3″,29.5,0.045820224,0.0996801099999999,2003.0,R Doradus,0178,0.7 - 1.0,298
536,536,2MASS J04390101-2353083 [de],Eridanus,4h 39m 1.01s,−23° 53′ 8.3″,29.5,0.045820224,0.0996801099999999,2003.0,Polaris Australis,0281,1.59,3.74
537,537,2MASS J04390101-2353083 [de],Eridanus,4h 39m 1.01s,−23° 53′ 8.3″,29.5,0.045820224,0.0996801099999999,2003.0,Polaris Australis,0281,1.59,3.74
538,538,2MASS J04390101-2353083 [de],Eridanus,4h 39m 1.01s,−23° 53′ 8.3″,29.5,0.045820224,0.0996801099999999,2003.0,Polaris Australis,0281,1.59,3.74
539,539,2MASS J04390101-2353083 [de],Eridanus,4h 39m 1.01s,−23° 53′ 8.3″,29.5,0.045820224,0.0996801099999999,2003.0,Polaris Australis,0281,1.59,3.74
540,540,2MASS J04414489+2301513,0,4h 41m 44.9s,23° 1′ 58.07″,470.0,0.018137172,0.0,2010.0,Polaris Australis,0281,1.59,3.74
541,541,2MASS J04414489+2301513,0,4h 41m 44.9s,23° 1′ 58.07″,470.0,0.018137172,0.0,2010.0,Polaris Australis,0281,1.59,3.74
542,542,2MASS J04414489+2301513,0,4h 41m 44.9s,23° 1′ 58.07″,470.0,0.018137172,0.0,2010.0,Polaris Australis,0281,1.59,3.74
543,543,2MASS J04414489+2301513,0,4h 41m 44.9s,23° 1′ 58.07″,470.0,0.018137172,0.0,2010.0,Polaris Australis,0281,1.59,3.74
544,544,2MASS J04414489+2301513,0,4h 41m 44.9s,23° 1′ 58.07″,470.0,0.018137172,0.0,2010.0,R Coronae Borealis,"04,566",0.85,85
545,545,2MASS J04414489+2301513,0,4h 41m 44.9s,23° 1′ 58.07″,470.0,0.018137172,0.0,2010.0,R Coronae Borealis,"04,566",0.85,85
546,546,2MASS J04414489+2301513,0,4h 41m 44.9s,23° 1′ 58.07″,470.0,0.018137172,0.0,2010.0,R Coronae Borealis,"04,566",0.85,85
547,547,2MASS J04414489+2301513,0,4h 41m 44.9s,23° 1′ 58.07″,470.0,0.018137172,0.0,2010.0,R Coronae Borealis,"04,566",0.85,85
548,548,2MASS J04414489+2301513,0,4h 41m 44.9s,23° 1′ 58.07″,470.0,0.018137172,0.0,2010.0,R Coronae Borealis,"04,566",0.85,85
549,549,2MASS J04414489+2301513,0,4h 41m 44.9s,23° 1′ 58.07″,470.0,0.018137172,0.0,2010.0,R Coronae Borealis,"04,566",0.85,85
550,550,2MASS J04433764+0002040,0,4h 43m 37.61s,−0° 2′ 5.1″,82.0,0.021000936,0.1829181399999999,0.0,R Coronae Borealis,"04,566",0.85,85
551,551,2MASS J04433764+0002040,0,4h 43m 37.61s,−0° 2′ 5.1″,82.0,0.021000936,0.1829181399999999,0.0,R Coronae Borealis,"04,566",0.85,85
552,552,2MASS J04433764+0002040,0,4h 43m 37.61s,−0° 2′ 5.1″,82.0,0.021000936,0.1829181399999999,0.0,54 Piscium,036.1,0.76,0.94
553,553,2MASS J04433764+0002040,0,4h 43m 37.61s,−0° 2′ 5.1″,82.0,0.021000936,0.1829181399999999,0.0,54 Piscium,036.1,0.76,0.94
554,554,2MASS J04433764+0002040,0,4h 43m 37.61s,−0° 2′ 5.1″,82.0,0.021000936,0.1829181399999999,0.0,54 Piscium,036.1,0.76,0.94
555,555,2MASS J04433764+0002040,0,4h 43m 37.61s,−0° 2′ 5.1″,82.0,0.021000936,0.1829181399999999,0.0,54 Piscium,036.1,0.76,0.94
556,556,2MASS J04433764+0002040,0,4h 43m 37.61s,−0° 2′ 5.1″,82.0,0.021000936,0.1829181399999999,0.0,54 Piscium,036.1,0.76,0.94
557,557,2MASS J04433764+0002040,0,4h 43m 37.61s,−0° 2′ 5.1″,82.0,0.021000936,0.1829181399999999,0.0,54 Piscium,036.1,0.76,0.94
558,558,2MASS J04433764+0002040,0,4h 43m 37.61s,−0° 2′ 5.1″,82.0,0.021000936,0.1829181399999999,0.0,54 Piscium,036.1,0.76,0.94
559,559,2MASS J04433764+0002040,0,4h 43m 37.61s,−0° 2′ 5.1″,82.0,0.021000936,0.1829181399999999,0.0,54 Piscium,036.1,0.76,0.94
560,560,2MASS J04455387-3048204 [de],Caelum,4h 45m 53.87s,−30° 48′ 20.4″,42.0,0.061093632,0.102763,2003.0,Mira,0300,1.2,370
561,561,2MASS J04455387-3048204 [de],Caelum,4h 45m 53.87s,−30° 48′ 20.4″,42.0,0.061093632,0.102763,2003.0,Mira,0300,1.2,370
562,562,2MASS J04455387-3048204 [de],Caelum,4h 45m 53.87s,−30° 48′ 20.4″,42.0,0.061093632,0.102763,2003.0,Mira,0300,1.2,370
563,563,2MASS J04455387-3048204 [de],Caelum,4h 45m 53.87s,−30° 48′ 20.4″,42.0,0.061093632,0.102763,2003.0,Mira,0300,1.2,370
564,564,2MASS J04455387-3048204 [de],Caelum,4h 45m 53.87s,−30° 48′ 20.4″,42.0,0.061093632,0.102763,2003.0,Mira,0300,1.2,370
565,565,2MASS J04455387-3048204 [de],Caelum,4h 45m 53.87s,−30° 48′ 20.4″,42.0,0.061093632,0.102763,2003.0,Mira,0300,1.2,370
566,566,2MASS J04455387-3048204 [de],Caelum,4h 45m 53.87s,−30° 48′ 20.4″,42.0,0.061093632,0.102763,2003.0,Mira,0300,1.2,370
567,567,2MASS J04455387-3048204 [de],Caelum,4h 45m 53.87s,−30° 48′ 20.4″,42.0,0.061093632,0.102763,2003.0,Mira,0300,1.2,370
568,568,2MASS J04455387-3048204 [de],Caelum,4h 45m 53.87s,−30° 48′ 20.4″,42.0,0.061093632,0.102763,2003.0,RW Cephei,"014,000",13.9,"1,158"
569,569,2MASS J04455387-3048204 [de],Caelum,4h 45m 53.87s,−30° 48′ 20.4″,42.0,0.061093632,0.102763,2003.0,RW Cephei,"014,000",13.9,"1,158"
570,570,2MASS J04510093-3402150 [de],Caelum,4h 51m 0.93s,−34° 2′ 15″,69.0,0.068730336,0.10687352,2003.0,RW Cephei,"014,000",13.9,"1,158"
571,571,2MASS J04510093-3402150 [de],Caelum,4h 51m 0.93s,−34° 2′ 15″,69.0,0.068730336,0.10687352,2003.0,RW Cephei,"014,000",13.9,"1,158"
572,572,2MASS J04510093-3402150 [de],Caelum,4h 51m 0.93s,−34° 2′ 15″,69.0,0.068730336,0.10687352,2003.0,RW Cephei,"014,000",13.9,"1,158"
573,573,2MASS J04510093-3402150 [de],Caelum,4h 51m 0.93s,−34° 2′ 15″,69.0,0.068730336,0.10687352,2003.0,RW Cephei,"014,000",13.9,"1,158"
574,574,2MASS J04510093-3402150 [de],Caelum,4h 51m 0.93s,−34° 2′ 15″,69.0,0.068730336,0.10687352,2003.0,RW Cephei,"014,000",13.9,"1,158"
575,575,2MASS J04510093-3402150 [de],Caelum,4h 51m 0.93s,−34° 2′ 15″,69.0,0.068730336,0.10687352,2003.0,RW Cephei,"014,000",13.9,"1,158"
576,576,2MASS J04510093-3402150 [de],Caelum,4h 51m 0.93s,−34° 2′ 15″,69.0,0.068730336,0.10687352,2003.0,Lacaille 8760,012.87,0.6,0.51
577,577,2MASS J04510093-3402150 [de],Caelum,4h 51m 0.93s,−34° 2′ 15″,69.0,0.068730336,0.10687352,2003.0,Lacaille 8760,012.87,0.6,0.51
578,578,2MASS J04510093-3402150 [de],Caelum,4h 51m 0.93s,−34° 2′ 15″,69.0,0.068730336,0.10687352,2003.0,Lacaille 8760,012.87,0.6,0.51
579,579,2MASS J04510093-3402150 [de],Caelum,4h 51m 0.93s,−34° 2′ 15″,69.0,0.068730336,0.10687352,2003.0,Lacaille 8760,012.87,0.6,0.51
580,580,2MASS J05002100+0330501 [de],Orion,5h 0m 21s,3° 30′ 50.1″,44.0,0.061093632,0.102763,2008.0,Lacaille 8760,012.87,0.6,0.51
581,581,2MASS J05002100+0330501 [de],Orion,5h 0m 21s,3° 30′ 50.1″,44.0,0.061093632,0.102763,2008.0,Lacaille 8760,012.87,0.6,0.51
582,582,2MASS J05002100+0330501 [de],Orion,5h 0m 21s,3° 30′ 50.1″,44.0,0.061093632,0.102763,2008.0,Lacaille 8760,012.87,0.6,0.51
583,583,2MASS J05002100+0330501 [de],Orion,5h 0m 21s,3° 30′ 50.1″,44.0,0.061093632,0.102763,2008.0,Lacaille 8760,012.87,0.6,0.51
584,584,2MASS J05002100+0330501 [de],Orion,5h 0m 21s,3° 30′ 50.1″,44.0,0.061093632,0.102763,2008.0,V838 Monocerotis,"019,896",,380 - 750
585,585,2MASS J05002100+0330501 [de],Orion,5h 0m 21s,3° 30′ 50.1″,44.0,0.061093632,0.102763,2008.0,V838 Monocerotis,"019,896",,380 - 750
586,586,2MASS J05002100+0330501 [de],Orion,5h 0m 21s,3° 30′ 50.1″,44.0,0.061093632,0.102763,2008.0,V838 Monocerotis,"019,896",,380 - 750
587,587,2MASS J05002100+0330501 [de],Orion,5h 0m 21s,3° 30′ 50.1″,44.0,0.061093632,0.102763,2008.0,V838 Monocerotis,"019,896",,380 - 750
588,588,2MASS J05002100+0330501 [de],Orion,5h 0m 21s,3° 30′ 50.1″,44.0,0.061093632,0.102763,2008.0,V838 Monocerotis,"019,896",,380 - 750
589,589,2MASS J05002100+0330501 [de],Orion,5h 0m 21s,3° 30′ 50.1″,44.0,0.061093632,0.102763,2008.0,V838 Monocerotis,"019,896",,380 - 750
590,590,2MASS J05012406-0010452 [de],Orion,5h 1m 24.06s,−0° 10′ 45.2″,64.0,0.020046348,0.1418129399999999,2008.0,V838 Monocerotis,"019,896",,380 - 750
591,591,2MASS J05012406-0010452 [de],Orion,5h 1m 24.06s,−0° 10′ 45.2″,64.0,0.020046348,0.1418129399999999,2008.0,V838 Monocerotis,"019,896",,380 - 750
592,592,2MASS J05012406-0010452 [de],Orion,5h 1m 24.06s,−0° 10′ 45.2″,64.0,0.020046348,0.1418129399999999,2008.0,HD 140283,0202,0.81,2.04
593,593,2MASS J05012406-0010452 [de],Orion,5h 1m 24.06s,−0° 10′ 45.2″,64.0,0.020046348,0.1418129399999999,2008.0,HD 140283,0202,0.81,2.04
594,594,2MASS J05012406-0010452 [de],Orion,5h 1m 24.06s,−0° 10′ 45.2″,64.0,0.020046348,0.1418129399999999,2008.0,HD 140283,0202,0.81,2.04
595,595,2MASS J05012406-0010452 [de],Orion,5h 1m 24.06s,−0° 10′ 45.2″,64.0,0.020046348,0.1418129399999999,2008.0,HD 140283,0202,0.81,2.04
596,596,2MASS J05012406-0010452 [de],Orion,5h 1m 24.06s,−0° 10′ 45.2″,64.0,0.020046348,0.1418129399999999,2008.0,HD 140283,0202,0.81,2.04
597,597,2MASS J05012406-0010452 [de],Orion,5h 1m 24.06s,−0° 10′ 45.2″,64.0,0.020046348,0.1418129399999999,2008.0,HD 140283,0202,0.81,2.04
598,598,2MASS J05012406-0010452 [de],Orion,5h 1m 24.06s,−0° 10′ 45.2″,64.0,0.020046348,0.1418129399999999,2008.0,HD 140283,0202,0.81,2.04
599,599,2MASS J05012406-0010452 [de],Orion,5h 1m 24.06s,−0° 10′ 45.2″,64.0,0.020046348,0.1418129399999999,2008.0,HD 140283,0202,0.81,2.04
600,600,2MASS J05160945-0445499 [de],Orion,5h 16m 9.45s,−4° 45′ 49.9″,73.0,0.044865636,0.0996801099999999,2003.0,II Pegasi,0130,0.8,3.4
601,601,2MASS J05160945-0445499 [de],Orion,5h 16m 9.45s,−4° 45′ 49.9″,73.0,0.044865636,0.0996801099999999,2003.0,II Pegasi,0130,0.8,3.4
602,602,2MASS J05160945-0445499 [de],Orion,5h 16m 9.45s,−4° 45′ 49.9″,73.0,0.044865636,0.0996801099999999,2003.0,II Pegasi,0130,0.8,3.4
603,603,2MASS J05160945-0445499 [de],Orion,5h 16m 9.45s,−4° 45′ 49.9″,73.0,0.044865636,0.0996801099999999,2003.0,II Pegasi,0130,0.8,3.4
604,604,2MASS J05160945-0445499 [de],Orion,5h 16m 9.45s,−4° 45′ 49.9″,73.0,0.044865636,0.0996801099999999,2003.0,II Pegasi,0130,0.8,3.4
605,605,2MASS J05160945-0445499 [de],Orion,5h 16m 9.45s,−4° 45′ 49.9″,73.0,0.044865636,0.0996801099999999,2003.0,II Pegasi,0130,0.8,3.4
606,606,2MASS J05160945-0445499 [de],Orion,5h 16m 9.45s,−4° 45′ 49.9″,73.0,0.044865636,0.0996801099999999,2003.0,II Pegasi,0130,0.8,3.4
607,607,2MASS J05160945-0445499 [de],Orion,5h 16m 9.45s,−4° 45′ 49.9″,73.0,0.044865636,0.0996801099999999,2003.0,II Pegasi,0130,0.8,3.4
608,608,2MASS J05160945-0445499 [de],Orion,5h 16m 9.45s,−4° 45′ 49.9″,73.0,0.044865636,0.0996801099999999,2003.0,VY Canis Majoris,"03,900",17,"1,420"
609,609,2MASS J05160945-0445499 [de],Orion,5h 16m 9.45s,−4° 45′ 49.9″,73.0,0.044865636,0.0996801099999999,2003.0,VY Canis Majoris,"03,900",17,"1,420"
610,610,2MASS J0523−1403,Lepus,5h 23m 38.22s,−14° 3′ 2.2″,40.0,0.064911984,0.10379063,0.0,VY Canis Majoris,"03,900",17,"1,420"
611,611,2MASS J0523−1403,Lepus,5h 23m 38.22s,−14° 3′ 2.2″,40.0,0.064911984,0.10379063,0.0,VY Canis Majoris,"03,900",17,"1,420"
612,612,2MASS J0523−1403,Lepus,5h 23m 38.22s,−14° 3′ 2.2″,40.0,0.064911984,0.10379063,0.0,VY Canis Majoris,"03,900",17,"1,420"
613,613,2MASS J0523−1403,Lepus,5h 23m 38.22s,−14° 3′ 2.2″,40.0,0.064911984,0.10379063,0.0,VY Canis Majoris,"03,900",17,"1,420"
614,614,2MASS J0523−1403,Lepus,5h 23m 38.22s,−14° 3′ 2.2″,40.0,0.064911984,0.10379063,0.0,VY Canis Majoris,"03,900",17,"1,420"
615,615,2MASS J0523−1403,Lepus,5h 23m 38.22s,−14° 3′ 2.2″,40.0,0.064911984,0.10379063,0.0,VY Canis Majoris,"03,900",17,"1,420"
616,616,2MASS J0523−1403,Lepus,5h 23m 38.22s,−14° 3′ 2.2″,40.0,0.064911984,0.10379063,0.0,Pistol Star,"025,000",100,320
617,617,2MASS J0523−1403,Lepus,5h 23m 38.22s,−14° 3′ 2.2″,40.0,0.064911984,0.10379063,0.0,Pistol Star,"025,000",100,320
618,618,2MASS J0523−1403,Lepus,5h 23m 38.22s,−14° 3′ 2.2″,40.0,0.064911984,0.10379063,0.0,Pistol Star,"025,000",100,320
619,619,2MASS J0523−1403,Lepus,5h 23m 38.22s,−14° 3′ 2.2″,40.0,0.064911984,0.10379063,0.0,Pistol Star,"025,000",100,320
620,620,2MASS 0532+8246,Camelopardalis,5h 32m 53.46s,82° 46′ 46.5″,81.0,0.079230804,0.0,2018.0,Pistol Star,"025,000",100,320
621,621,2MASS 0532+8246,Camelopardalis,5h 32m 53.46s,82° 46′ 46.5″,81.0,0.079230804,0.0,2018.0,Pistol Star,"025,000",100,320
622,622,2MASS 0532+8246,Camelopardalis,5h 32m 53.46s,82° 46′ 46.5″,81.0,0.079230804,0.0,2018.0,Pistol Star,"025,000",100,320
623,623,2MASS 0532+8246,Camelopardalis,5h 32m 53.46s,82° 46′ 46.5″,81.0,0.079230804,0.0,2018.0,Pistol Star,"025,000",100,320
624,624,2MASS 0532+8246,Camelopardalis,5h 32m 53.46s,82° 46′ 46.5″,81.0,0.079230804,0.0,2018.0,S Doradus,"0169,000",24,380
625,625,2MASS 0532+8246,Camelopardalis,5h 32m 53.46s,82° 46′ 46.5″,81.0,0.079230804,0.0,2018.0,S Doradus,"0169,000",24,380
626,626,2MASS 0532+8246,Camelopardalis,5h 32m 53.46s,82° 46′ 46.5″,81.0,0.079230804,0.0,2018.0,S Doradus,"0169,000",24,380
627,627,2MASS 0532+8246,Camelopardalis,5h 32m 53.46s,82° 46′ 46.5″,81.0,0.079230804,0.0,2018.0,S Doradus,"0169,000",24,380
628,628,2MASS 0532+8246,Camelopardalis,5h 32m 53.46s,82° 46′ 46.5″,81.0,0.079230804,0.0,2018.0,S Doradus,"0169,000",24,380
629,629,2MASS 0532+8246,Camelopardalis,5h 32m 53.46s,82° 46′ 46.5″,81.0,0.079230804,0.0,2018.0,S Doradus,"0169,000",24,380
630,630,SDSS J053951.99-005902.0,0,5h 39m 52s,−0° 59′ 1.9″,41.62,0.058229868,0.10379063,0.0,S Doradus,"0169,000",24,380
631,631,SDSS J053951.99-005902.0,0,5h 39m 52s,−0° 59′ 1.9″,41.62,0.058229868,0.10379063,0.0,S Doradus,"0169,000",24,380
632,632,SDSS J053951.99-005902.0,0,5h 39m 52s,−0° 59′ 1.9″,41.62,0.058229868,0.10379063,0.0,UY Scuti,"05,100",7 - 10,755
633,633,SDSS J053951.99-005902.0,0,5h 39m 52s,−0° 59′ 1.9″,41.62,0.058229868,0.10379063,0.0,UY Scuti,"05,100",7 - 10,755
634,634,SDSS J053951.99-005902.0,0,5h 39m 52s,−0° 59′ 1.9″,41.62,0.058229868,0.10379063,0.0,UY Scuti,"05,100",7 - 10,755
635,635,SDSS J053951.99-005902.0,0,5h 39m 52s,−0° 59′ 1.9″,41.62,0.058229868,0.10379063,0.0,UY Scuti,"05,100",7 - 10,755
636,636,SDSS J053951.99-005902.0,0,5h 39m 52s,−0° 59′ 1.9″,41.62,0.058229868,0.10379063,0.0,UY Scuti,"05,100",7 - 10,755
637,637,SDSS J053951.99-005902.0,0,5h 39m 52s,−0° 59′ 1.9″,41.62,0.058229868,0.10379063,0.0,UY Scuti,"05,100",7 - 10,755
638,638,SDSS J053951.99-005902.0,0,5h 39m 52s,−0° 59′ 1.9″,41.62,0.058229868,0.10379063,0.0,UY Scuti,"05,100",7 - 10,755
639,639,SDSS J053951.99-005902.0,0,5h 39m 52s,−0° 59′ 1.9″,41.62,0.058229868,0.10379063,0.0,UY Scuti,"05,100",7 - 10,755
650,650,LSR 0602+3910 [de],Auriga,6h 2m 30.45s,39° 10′ 59.2″,34.6,0.026728464,0.1448958299999999,2003.0,HE 1523-0901,"010,000",0.80,27
651,651,LSR 0602+3910 [de],Auriga,6h 2m 30.45s,39° 10′ 59.2″,34.6,0.026728464,0.1448958299999999,2003.0,HE 1523-0901,"010,000",0.80,27
652,652,LSR 0602+3910 [de],Auriga,6h 2m 30.45s,39° 10′ 59.2″,34.6,0.026728464,0.1448958299999999,2003.0,HE 1523-0901,"010,000",0.80,27
653,653,LSR 0602+3910 [de],Auriga,6h 2m 30.45s,39° 10′ 59.2″,34.6,0.026728464,0.1448958299999999,2003.0,HE 1523-0901,"010,000",0.80,27
654,654,LSR 0602+3910 [de],Auriga,6h 2m 30.45s,39° 10′ 59.2″,34.6,0.026728464,0.1448958299999999,2003.0,HE 1523-0901,"010,000",0.80,27
655,655,LSR 0602+3910 [de],Auriga,6h 2m 30.45s,39° 10′ 59.2″,34.6,0.026728464,0.1448958299999999,2003.0,HE 1523-0901,"010,000",0.80,27
656,656,LSR 0602+3910 [de],Auriga,6h 2m 30.45s,39° 10′ 59.2″,34.6,0.026728464,0.1448958299999999,2003.0,Proxima Centauri,04.25,0.12,0.15
657,657,LSR 0602+3910 [de],Auriga,6h 2m 30.45s,39° 10′ 59.2″,34.6,0.026728464,0.1448958299999999,2003.0,Proxima Centauri,04.25,0.12,0.15
658,658,LSR 0602+3910 [de],Auriga,6h 2m 30.45s,39° 10′ 59.2″,34.6,0.026728464,0.1448958299999999,2003.0,Proxima Centauri,04.25,0.12,0.15
659,659,LSR 0602+3910 [de],Auriga,6h 2m 30.45s,39° 10′ 59.2″,34.6,0.026728464,0.1448958299999999,2003.0,Proxima Centauri,04.25,0.12,0.15
660,660,2MASS J06085283-2753583,0,6h 8m 52.83s,−27° 53′ 58.3″,102.0,0.036274344,0.15517213,0.0,Proxima Centauri,04.25,0.12,0.15
661,661,2MASS J06085283-2753583,0,6h 8m 52.83s,−27° 53′ 58.3″,102.0,0.036274344,0.15517213,0.0,Proxima Centauri,04.25,0.12,0.15
662,662,2MASS J06085283-2753583,0,6h 8m 52.83s,−27° 53′ 58.3″,102.0,0.036274344,0.15517213,0.0,Proxima Centauri,04.25,0.12,0.15
663,663,2MASS J06085283-2753583,0,6h 8m 52.83s,−27° 53′ 58.3″,102.0,0.036274344,0.15517213,0.0,Proxima Centauri,04.25,0.12,0.15
664,664,2MASS J06085283-2753583,0,6h 8m 52.83s,−27° 53′ 58.3″,102.0,0.036274344,0.15517213,0.0,KIC 8462852,"01,470",1.43,1.58
665,665,2MASS J06085283-2753583,0,6h 8m 52.83s,−27° 53′ 58.3″,102.0,0.036274344,0.15517213,0.0,KIC 8462852,"01,470",1.43,1.58
666,666,2MASS J06085283-2753583,0,6h 8m 52.83s,−27° 53′ 58.3″,102.0,0.036274344,0.15517213,0.0,KIC 8462852,"01,470",1.43,1.58
667,667,2MASS J06085283-2753583,0,6h 8m 52.83s,−27° 53′ 58.3″,102.0,0.036274344,0.15517213,0.0,KIC 8462852,"01,470",1.43,1.58
668,668,2MASS J06085283-2753583,0,6h 8m 52.83s,−27° 53′ 58.3″,102.0,0.036274344,0.15517213,0.0,KIC 8462852,"01,470",1.43,1.58
669,669,2MASS J06085283-2753583,0,6h 8m 52.83s,−27° 53′ 58.3″,102.0,0.036274344,0.15517213,0.0,KIC 8462852,"01,470",1.43,1.58
670,670,WISEP J061135.13-041024.0A,0,6h 11m 35.12s,−4° 10′ 24″,69.0,0.06204822,0.0,2014.0,KIC 8462852,"01,470",1.43,1.58
671,671,WISEP J061135.13-041024.0A,0,6h 11m 35.12s,−4° 10′ 24″,69.0,0.06204822,0.0,2014.0,KIC 8462852,"01,470",1.43,1.58
672,672,WISEP J061135.13-041024.0A,0,6h 11m 35.12s,−4° 10′ 24″,69.0,0.06204822,0.0,2014.0,R136a1,"0163,000",290,32
673,673,WISEP J061135.13-041024.0A,0,6h 11m 35.12s,−4° 10′ 24″,69.0,0.06204822,0.0,2014.0,R136a1,"0163,000",290,32
674,674,WISEP J061135.13-041024.0A,0,6h 11m 35.12s,−4° 10′ 24″,69.0,0.06204822,0.0,2014.0,R136a1,"0163,000",290,32
675,675,WISEP J061135.13-041024.0A,0,6h 11m 35.12s,−4° 10′ 24″,69.0,0.06204822,0.0,2014.0,R136a1,"0163,000",290,32
676,676,WISEP J061135.13-041024.0A,0,6h 11m 35.12s,−4° 10′ 24″,69.0,0.06204822,0.0,2014.0,R136a1,"0163,000",290,32
677,677,WISEP J061135.13-041024.0A,0,6h 11m 35.12s,−4° 10′ 24″,69.0,0.06204822,0.0,2014.0,R136a1,"0163,000",290,32
678,678,WISEP J061135.13-041024.0A,0,6h 11m 35.12s,−4° 10′ 24″,69.0,0.06204822,0.0,2014.0,R136a1,"0163,000",290,32
679,679,WISEP J061135.13-041024.0A,0,6h 11m 35.12s,−4° 10′ 24″,69.0,0.06204822,0.0,2014.0,R136a1,"0163,000",290,32
680,680,WISEP J061135.13-041024.0B,0,6h 11m 35.12s,−4° 10′ 24″,69.0,0.050593164,0.0,2014.0,Melnick 42,"0163,000",189,21.1
681,681,WISEP J061135.13-041024.0B,0,6h 11m 35.12s,−4° 10′ 24″,69.0,0.050593164,0.0,2014.0,Melnick 42,"0163,000",189,21.1
682,682,WISEP J061135.13-041024.0B,0,6h 11m 35.12s,−4° 10′ 24″,69.0,0.050593164,0.0,2014.0,Melnick 42,"0163,000",189,21.1
683,683,WISEP J061135.13-041024.0B,0,6h 11m 35.12s,−4° 10′ 24″,69.0,0.050593164,0.0,2014.0,Melnick 42,"0163,000",189,21.1
684,684,WISEP J061135.13-041024.0B,0,6h 11m 35.12s,−4° 10′ 24″,69.0,0.050593164,0.0,2014.0,Melnick 42,"0163,000",189,21.1
685,685,WISEP J061135.13-041024.0B,0,6h 11m 35.12s,−4° 10′ 24″,69.0,0.050593164,0.0,2014.0,Melnick 42,"0163,000",189,21.1
686,686,WISEP J061135.13-041024.0B,0,6h 11m 35.12s,−4° 10′ 24″,69.0,0.050593164,0.0,2014.0,Melnick 42,"0163,000",189,21.1
687,687,WISEP J061135.13-041024.0B,0,6h 11m 35.12s,−4° 10′ 24″,69.0,0.050593164,0.0,2014.0,Melnick 42,"0163,000",189,21.1
688,688,WISEP J061135.13-041024.0B,0,6h 11m 35.12s,−4° 10′ 24″,69.0,0.050593164,0.0,2014.0,WR 102,"018,134",19,0.39
689,689,WISEP J061135.13-041024.0B,0,6h 11m 35.12s,−4° 10′ 24″,69.0,0.050593164,0.0,2014.0,WR 102,"018,134",19,0.39
690,690,2MASS J06244595-4521548 [de],Puppis,6h 24m 45.95s,−45° 21′ 54.8″,39.0,0.053456928,0.1017353699999999,2008.0,WR 102,"018,134",19,0.39
691,691,2MASS J06244595-4521548 [de],Puppis,6h 24m 45.95s,−45° 21′ 54.8″,39.0,0.053456928,0.1017353699999999,2008.0,WR 102,"018,134",19,0.39
692,692,2MASS J06244595-4521548 [de],Puppis,6h 24m 45.95s,−45° 21′ 54.8″,39.0,0.053456928,0.1017353699999999,2008.0,WR 102,"018,134",19,0.39
693,693,2MASS J06244595-4521548 [de],Puppis,6h 24m 45.95s,−45° 21′ 54.8″,39.0,0.053456928,0.1017353699999999,2008.0,WR 102,"018,134",19,0.39
694,694,2MASS J06244595-4521548 [de],Puppis,6h 24m 45.95s,−45° 21′ 54.8″,39.0,0.053456928,0.1017353699999999,2008.0,WR 102,"018,134",19,0.39
695,695,2MASS J06244595-4521548 [de],Puppis,6h 24m 45.95s,−45° 21′ 54.8″,39.0,0.053456928,0.1017353699999999,2008.0,WR 102,"018,134",19,0.39
696,696,2MASS J06244595-4521548 [de],Puppis,6h 24m 45.95s,−45° 21′ 54.8″,39.0,0.053456928,0.1017353699999999,2008.0,VFTS 352,"0164,000",57.48,14.47
697,697,2MASS J06244595-4521548 [de],Puppis,6h 24m 45.95s,−45° 21′ 54.8″,39.0,0.053456928,0.1017353699999999,2008.0,VFTS 352,"0164,000",57.48,14.47
698,698,2MASS J06244595-4521548 [de],Puppis,6h 24m 45.95s,−45° 21′ 54.8″,39.0,0.053456928,0.1017353699999999,2008.0,VFTS 352,"0164,000",57.48,14.47
699,699,2MASS J06244595-4521548 [de],Puppis,6h 24m 45.95s,−45° 21′ 54.8″,39.0,0.053456928,0.1017353699999999,2008.0,VFTS 352,"0164,000",57.48,14.47
700,700,2MASS J06411840-4322329 [de],Puppis,6h 41m 18.4s,−43° 22′ 32.9″,65.0,0.063957396,0.10379063,2008.0,VFTS 352,"0164,000",57.48,14.47
701,701,2MASS J06411840-4322329 [de],Puppis,6h 41m 18.4s,−43° 22′ 32.9″,65.0,0.063957396,0.10379063,2008.0,VFTS 352,"0164,000",57.48,14.47
702,702,2MASS J06411840-4322329 [de],Puppis,6h 41m 18.4s,−43° 22′ 32.9″,65.0,0.063957396,0.10379063,2008.0,VFTS 352,"0164,000",57.48,14.47
703,703,2MASS J06411840-4322329 [de],Puppis,6h 41m 18.4s,−43° 22′ 32.9″,65.0,0.063957396,0.10379063,2008.0,VFTS 352,"0164,000",57.48,14.47
704,704,2MASS J06411840-4322329 [de],Puppis,6h 41m 18.4s,−43° 22′ 32.9″,65.0,0.063957396,0.10379063,2008.0,YBP 1194,"02,772",1.01,0.99
705,705,2MASS J06411840-4322329 [de],Puppis,6h 41m 18.4s,−43° 22′ 32.9″,65.0,0.063957396,0.10379063,2008.0,YBP 1194,"02,772",1.01,0.99
706,706,2MASS J06411840-4322329 [de],Puppis,6h 41m 18.4s,−43° 22′ 32.9″,65.0,0.063957396,0.10379063,2008.0,YBP 1194,"02,772",1.01,0.99
707,707,2MASS J06411840-4322329 [de],Puppis,6h 41m 18.4s,−43° 22′ 32.9″,65.0,0.063957396,0.10379063,2008.0,YBP 1194,"02,772",1.01,0.99
708,708,2MASS J06411840-4322329 [de],Puppis,6h 41m 18.4s,−43° 22′ 32.9″,65.0,0.063957396,0.10379063,2008.0,YBP 1194,"02,772",1.01,0.99
709,709,2MASS J06411840-4322329 [de],Puppis,6h 41m 18.4s,−43° 22′ 32.9″,65.0,0.063957396,0.10379063,2008.0,YBP 1194,"02,772",1.01,0.99
710,710,DENIS-P J0652197-253450 [de],Canis Major,6h 52m 19.77s,−25° 34′ 50.5″,51.0,0.0715941,0.10790115,2008.0,YBP 1194,"02,772",1.01,0.99
711,711,DENIS-P J0652197-253450 [de],Canis Major,6h 52m 19.77s,−25° 34′ 50.5″,51.0,0.0715941,0.10790115,2008.0,YBP 1194,"02,772",1.01,0.99
712,712,DENIS-P J0652197-253450 [de],Canis Major,6h 52m 19.77s,−25° 34′ 50.5″,51.0,0.0715941,0.10790115,2008.0,Gliese 1214,047.5,0.16,0.21
713,713,DENIS-P J0652197-253450 [de],Canis Major,6h 52m 19.77s,−25° 34′ 50.5″,51.0,0.0715941,0.10790115,2008.0,Gliese 1214,047.5,0.16,0.21
714,714,DENIS-P J0652197-253450 [de],Canis Major,6h 52m 19.77s,−25° 34′ 50.5″,51.0,0.0715941,0.10790115,2008.0,Gliese 1214,047.5,0.16,0.21
715,715,DENIS-P J0652197-253450 [de],Canis Major,6h 52m 19.77s,−25° 34′ 50.5″,51.0,0.0715941,0.10790115,2008.0,Gliese 1214,047.5,0.16,0.21
716,716,DENIS-P J0652197-253450 [de],Canis Major,6h 52m 19.77s,−25° 34′ 50.5″,51.0,0.0715941,0.10790115,2008.0,Gliese 1214,047.5,0.16,0.21
717,717,DENIS-P J0652197-253450 [de],Canis Major,6h 52m 19.77s,−25° 34′ 50.5″,51.0,0.0715941,0.10790115,2008.0,Gliese 1214,047.5,0.16,0.21
718,718,DENIS-P J0652197-253450 [de],Canis Major,6h 52m 19.77s,−25° 34′ 50.5″,51.0,0.0715941,0.10790115,2008.0,Gliese 1214,047.5,0.16,0.21
719,719,DENIS-P J0652197-253450 [de],Canis Major,6h 52m 19.77s,−25° 34′ 50.5″,51.0,0.0715941,0.10790115,2008.0,Gliese 1214,047.5,0.16,0.21
730,730,2MASS J07075327-4900503,0,7h 7m 53.27s,−49° 0′ 50.3″,60.0,0.068730336,0.10584589,0.0,NML Cygni,"05,251",50,"1,640 - 2,770"
731,731,2MASS J07075327-4900503,0,7h 7m 53.27s,−49° 0′ 50.3″,60.0,0.068730336,0.10584589,0.0,NML Cygni,"05,251",50,"1,640 - 2,770"
732,732,2MASS J07075327-4900503,0,7h 7m 53.27s,−49° 0′ 50.3″,60.0,0.068730336,0.10584589,0.0,NML Cygni,"05,251",50,"1,640 - 2,770"
733,733,2MASS J07075327-4900503,0,7h 7m 53.27s,−49° 0′ 50.3″,60.0,0.068730336,0.10584589,0.0,NML Cygni,"05,251",50,"1,640 - 2,770"
734,734,2MASS J07075327-4900503,0,7h 7m 53.27s,−49° 0′ 50.3″,60.0,0.068730336,0.10584589,0.0,NML Cygni,"05,251",50,"1,640 - 2,770"
735,735,2MASS J07075327-4900503,0,7h 7m 53.27s,−49° 0′ 50.3″,60.0,0.068730336,0.10584589,0.0,NML Cygni,"05,251",50,"1,640 - 2,770"
736,736,2MASS J07075327-4900503,0,7h 7m 53.27s,−49° 0′ 50.3″,60.0,0.068730336,0.10584589,0.0,VB 10,018.72,0.075,0.10
737,737,2MASS J07075327-4900503,0,7h 7m 53.27s,−49° 0′ 50.3″,60.0,0.068730336,0.10584589,0.0,VB 10,018.72,0.075,0.10
738,738,2MASS J07075327-4900503,0,7h 7m 53.27s,−49° 0′ 50.3″,60.0,0.068730336,0.10584589,0.0,VB 10,018.72,0.075,0.10
739,739,2MASS J07075327-4900503,0,7h 7m 53.27s,−49° 0′ 50.3″,60.0,0.068730336,0.10584589,0.0,VB 10,018.72,0.075,0.10
740,740,UGPS J072227.51-054031.2,Monoceros,7h 22m 27.6s,−05° 40′ 38.4″,13.4,0.024819288,0.1007077399999999,2010.0,VB 10,018.72,0.075,0.10
741,741,UGPS J072227.51-054031.2,Monoceros,7h 22m 27.6s,−05° 40′ 38.4″,13.4,0.024819288,0.1007077399999999,2010.0,VB 10,018.72,0.075,0.10
742,742,UGPS J072227.51-054031.2,Monoceros,7h 22m 27.6s,−05° 40′ 38.4″,13.4,0.024819288,0.1007077399999999,2010.0,VB 10,018.72,0.075,0.10
743,743,UGPS J072227.51-054031.2,Monoceros,7h 22m 27.6s,−05° 40′ 38.4″,13.4,0.024819288,0.1007077399999999,2010.0,VB 10,018.72,0.075,0.10
744,744,UGPS J072227.51-054031.2,Monoceros,7h 22m 27.6s,−05° 40′ 38.4″,13.4,0.024819288,0.1007077399999999,2010.0,WOH G64,"0163,000",<20,"1,540 - 1,730"
745,745,UGPS J072227.51-054031.2,Monoceros,7h 22m 27.6s,−05° 40′ 38.4″,13.4,0.024819288,0.1007077399999999,2010.0,WOH G64,"0163,000",<20,"1,540 - 1,730"
746,746,UGPS J072227.51-054031.2,Monoceros,7h 22m 27.6s,−05° 40′ 38.4″,13.4,0.024819288,0.1007077399999999,2010.0,WOH G64,"0163,000",<20,"1,540 - 1,730"
747,747,UGPS J072227.51-054031.2,Monoceros,7h 22m 27.6s,−05° 40′ 38.4″,13.4,0.024819288,0.1007077399999999,2010.0,WOH G64,"0163,000",<20,"1,540 - 1,730"
748,748,UGPS J072227.51-054031.2,Monoceros,7h 22m 27.6s,−05° 40′ 38.4″,13.4,0.024819288,0.1007077399999999,2010.0,WOH G64,"0163,000",<20,"1,540 - 1,730"
749,749,UGPS J072227.51-054031.2,Monoceros,7h 22m 27.6s,−05° 40′ 38.4″,13.4,0.024819288,0.1007077399999999,2010.0,WOH G64,"0163,000",<20,"1,540 - 1,730"
750,750,2MASSI J0727182+171001 [de],Gemini,7h 27m 18.24s,17° 10′ 1.2″,29.6,0.039138108,0.0965972199999999,2002.0,WOH G64,"0163,000",<20,"1,540 - 1,730"
751,751,2MASSI J0727182+171001 [de],Gemini,7h 27m 18.24s,17° 10′ 1.2″,29.6,0.039138108,0.0965972199999999,2002.0,WOH G64,"0163,000",<20,"1,540 - 1,730"
752,752,2MASSI J0727182+171001 [de],Gemini,7h 27m 18.24s,17° 10′ 1.2″,29.6,0.039138108,0.0965972199999999,2002.0,TRAPPIST-1,039.6,0.089,0.12
753,753,2MASSI J0727182+171001 [de],Gemini,7h 27m 18.24s,17° 10′ 1.2″,29.6,0.039138108,0.0965972199999999,2002.0,TRAPPIST-1,039.6,0.089,0.12
754,754,2MASSI J0727182+171001 [de],Gemini,7h 27m 18.24s,17° 10′ 1.2″,29.6,0.039138108,0.0965972199999999,2002.0,TRAPPIST-1,039.6,0.089,0.12
755,755,2MASSI J0727182+171001 [de],Gemini,7h 27m 18.24s,17° 10′ 1.2″,29.6,0.039138108,0.0965972199999999,2002.0,TRAPPIST-1,039.6,0.089,0.12
756,756,2MASSI J0727182+171001 [de],Gemini,7h 27m 18.24s,17° 10′ 1.2″,29.6,0.039138108,0.0965972199999999,2002.0,TRAPPIST-1,039.6,0.089,0.12
757,757,2MASSI J0727182+171001 [de],Gemini,7h 27m 18.24s,17° 10′ 1.2″,29.6,0.039138108,0.0965972199999999,2002.0,TRAPPIST-1,039.6,0.089,0.12
758,758,2MASSI J0727182+171001 [de],Gemini,7h 27m 18.24s,17° 10′ 1.2″,29.6,0.039138108,0.0965972199999999,2002.0,TRAPPIST-1,039.6,0.089,0.12
759,759,2MASSI J0727182+171001 [de],Gemini,7h 27m 18.24s,17° 10′ 1.2″,29.6,0.039138108,0.0965972199999999,2002.0,TRAPPIST-1,039.6,0.089,0.12
760,760,2MASS J07290002-3954043 [de],Puppis,7h 29m 0.02s,−39° 54′ 4.4″,25.8,0.035319756,0.0965972199999999,2007.0,2MASS J0523-1403,040.3,0.07,0.086
761,761,2MASS J07290002-3954043 [de],Puppis,7h 29m 0.02s,−39° 54′ 4.4″,25.8,0.035319756,0.0965972199999999,2007.0,2MASS J0523-1403,040.3,0.07,0.086
762,762,2MASS J07290002-3954043 [de],Puppis,7h 29m 0.02s,−39° 54′ 4.4″,25.8,0.035319756,0.0965972199999999,2007.0,2MASS J0523-1403,040.3,0.07,0.086
763,763,2MASS J07290002-3954043 [de],Puppis,7h 29m 0.02s,−39° 54′ 4.4″,25.8,0.035319756,0.0965972199999999,2007.0,2MASS J0523-1403,040.3,0.07,0.086
764,764,2MASS J07290002-3954043 [de],Puppis,7h 29m 0.02s,−39° 54′ 4.4″,25.8,0.035319756,0.0965972199999999,2007.0,2MASS J0523-1403,040.3,0.07,0.086
765,765,2MASS J07290002-3954043 [de],Puppis,7h 29m 0.02s,−39° 54′ 4.4″,25.8,0.035319756,0.0965972199999999,2007.0,2MASS J0523-1403,040.3,0.07,0.086
766,766,2MASS J07290002-3954043 [de],Puppis,7h 29m 0.02s,−39° 54′ 4.4″,25.8,0.035319756,0.0965972199999999,2007.0,2MASS J0523-1403,040.3,0.07,0.086
767,767,2MASS J07290002-3954043 [de],Puppis,7h 29m 0.02s,−39° 54′ 4.4″,25.8,0.035319756,0.0965972199999999,2007.0,2MASS J0523-1403,040.3,0.07,0.086
768,768,2MASS J07290002-3954043 [de],Puppis,7h 29m 0.02s,−39° 54′ 4.4″,25.8,0.035319756,0.0965972199999999,2007.0,WISE 0855−0714,07.27,0.003,
769,769,2MASS J07290002-3954043 [de],Puppis,7h 29m 0.02s,−39° 54′ 4.4″,25.8,0.035319756,0.0965972199999999,2007.0,WISE 0855−0714,07.27,0.003,
770,770,SDSS J074201.41+205520.5 [de],Gemini,7h 42m 1.3s,20° 55′ 19.8″,49.0,0.041047284,0.0965972199999999,2004.0,WISE 0855−0714,07.27,0.003,
771,771,SDSS J074201.41+205520.5 [de],Gemini,7h 42m 1.3s,20° 55′ 19.8″,49.0,0.041047284,0.0965972199999999,2004.0,WISE 0855−0714,07.27,0.003,
772,772,SDSS J074201.41+205520.5 [de],Gemini,7h 42m 1.3s,20° 55′ 19.8″,49.0,0.041047284,0.0965972199999999,2004.0,WISE 0855−0714,07.27,0.003,
773,773,SDSS J074201.41+205520.5 [de],Gemini,7h 42m 1.3s,20° 55′ 19.8″,49.0,0.041047284,0.0965972199999999,2004.0,WISE 0855−0714,07.27,0.003,
774,774,SDSS J074201.41+205520.5 [de],Gemini,7h 42m 1.3s,20° 55′ 19.8″,49.0,0.041047284,0.0965972199999999,2004.0,WISE 0855−0714,07.27,0.003,
775,775,SDSS J074201.41+205520.5 [de],Gemini,7h 42m 1.3s,20° 55′ 19.8″,49.0,0.041047284,0.0965972199999999,2004.0,WISE 0855−0714,07.27,0.003,
776,776,SDSS J074201.41+205520.5 [de],Gemini,7h 42m 1.3s,20° 55′ 19.8″,49.0,0.041047284,0.0965972199999999,2004.0,Icarus,"014,400,000,000",33,
777,777,SDSS J074201.41+205520.5 [de],Gemini,7h 42m 1.3s,20° 55′ 19.8″,49.0,0.041047284,0.0965972199999999,2004.0,Icarus,"014,400,000,000",33,
778,778,SDSS J074201.41+205520.5 [de],Gemini,7h 42m 1.3s,20° 55′ 19.8″,49.0,0.041047284,0.0965972199999999,2004.0,Icarus,"014,400,000,000",33,
779,779,SDSS J074201.41+205520.5 [de],Gemini,7h 42m 1.3s,20° 55′ 19.8″,49.0,0.041047284,0.0965972199999999,2004.0,Icarus,"014,400,000,000",33,
