,Unnamed: 0,id,Brown dwarf,Constellation,Right ascension,Declination,Distance,Mass,Radius,Discovery year,star_names,distance,mass,radius,gravity
0,0,0,SDSS J000013.54+255418.6 [de],Pegasus,0h 0m 13.54s,25° 54′ 18″,46.1,0.045820224,0.1017353699999999,2004.0,Sun,0.000015813,1,1,1214.2000569364636
1,1,1,SDSS J000013.54+255418.6 [de],Pegasus,0h 0m 13.54s,25° 54′ 18″,46.1,0.045820224,0.1017353699999999,2004.0,Sun,0.000015813,1,1,1214.2000569364636
2,2,2,SDSS J000013.54+255418.6 [de],Pegasus,0h 0m 13.54s,25° 54′ 18″,46.1,0.045820224,0.1017353699999999,2004.0,Sun,0.000015813,1,1,1214.2000569364636
3,3,3,SDSS J000013.54+255418.6 [de],Pegasus,0h 0m 13.54s,25° 54′ 18″,46.1,0.045820224,0.1017353699999999,2004.0,Sun,0.000015813,1,1,1214.2000569364636
4,4,4,SDSS J000013.54+255418.6 [de],Pegasus,0h 0m 13.54s,25° 54′ 18″,46.1,0.045820224,0.1017353699999999,2004.0,Sun,0.000015813,1,1,1214.2000569364636
5,5,5,SDSS J000013.54+255418.6 [de],Pegasus,0h 0m 13.54s,25° 54′ 18″,46.1,0.045820224,0.1017353699999999,2004.0,Sun,0.000015813,1,1,1214.2000569364636
6,6,6,SDSS J000013.54+255418.6 [de],Pegasus,0h 0m 13.54s,25° 54′ 18″,46.1,0.045820224,0.1017353699999999,2004.0,Sun,0.000015813,1,1,1214.2000569364636
7,7,7,SDSS J000013.54+255418.6 [de],Pegasus,0h 0m 13.54s,25° 54′ 18″,46.1,0.045820224,0.1017353699999999,2004.0,Sun,0.000015813,1,1,1214.2000569364636
8,8,8,SDSS J000013.54+255418.6 [de],Pegasus,0h 0m 13.54s,25° 54′ 18″,46.1,0.045820224,0.1017353699999999,2004.0,Sirius,0008.6,2.1,1.71,1214.2000569364636
9,9,9,SDSS J000013.54+255418.6 [de],Pegasus,0h 0m 13.54s,25° 54′ 18″,46.1,0.045820224,0.1017353699999999,2004.0,Sirius,0008.6,2.1,1.71,1214.2000569364636
10,10,10,2MASS J00040288-6410358,Tucana,0h 4m 2.88s,−64° 10′ 35.8″,192.0,0.018137172,0.1675036899999999,0.0,Sirius,0008.6,2.1,1.71,177.2955327030963
11,11,11,2MASS J00040288-6410358,Tucana,0h 4m 2.88s,−64° 10′ 35.8″,192.0,0.018137172,0.1675036899999999,0.0,Sirius,0008.6,2.1,1.71,177.2955327030963
12,12,12,2MASS J00040288-6410358,Tucana,0h 4m 2.88s,−64° 10′ 35.8″,192.0,0.018137172,0.1675036899999999,0.0,Sirius,0008.6,2.1,1.71,177.2955327030963
13,13,13,2MASS J00040288-6410358,Tucana,0h 4m 2.88s,−64° 10′ 35.8″,192.0,0.018137172,0.1675036899999999,0.0,Sirius,0008.6,2.1,1.71,177.2955327030963
14,14,14,2MASS J00040288-6410358,Tucana,0h 4m 2.88s,−64° 10′ 35.8″,192.0,0.018137172,0.1675036899999999,0.0,Sirius,0008.6,2.1,1.71,177.2955327030963
15,15,15,2MASS J00040288-6410358,Tucana,0h 4m 2.88s,−64° 10′ 35.8″,192.0,0.018137172,0.1675036899999999,0.0,Sirius,0008.6,2.1,1.71,177.2955327030963
16,16,16,2MASS J00040288-6410358,Tucana,0h 4m 2.88s,−64° 10′ 35.8″,192.0,0.018137172,0.1675036899999999,0.0,Canopus,0310,15,71,177.2955327030963
17,17,17,2MASS J00040288-6410358,Tucana,0h 4m 2.88s,−64° 10′ 35.8″,192.0,0.018137172,0.1675036899999999,0.0,Canopus,0310,15,71,177.2955327030963
18,18,18,2MASS J00040288-6410358,Tucana,0h 4m 2.88s,−64° 10′ 35.8″,192.0,0.018137172,0.1675036899999999,0.0,Canopus,0310,15,71,177.2955327030963
19,19,19,2MASS J00040288-6410358,Tucana,0h 4m 2.88s,−64° 10′ 35.8″,192.0,0.018137172,0.1675036899999999,0.0,Canopus,0310,15,71,177.2955327030963
20,30,30,2MASS J00242463-0158201,Pisces,0h 24m 24.63s,−1° 58′ 20.1″,37.7,0.075412452,0.11201167,0.0,Alpha Centauri,0004.4,1.1,1.2,1648.5172507306947
21,31,31,2MASS J00242463-0158201,Pisces,0h 24m 24.63s,−1° 58′ 20.1″,37.7,0.075412452,0.11201167,0.0,Alpha Centauri,0004.4,1.1,1.2,1648.5172507306947
22,32,32,2MASS J00242463-0158201,Pisces,0h 24m 24.63s,−1° 58′ 20.1″,37.7,0.075412452,0.11201167,0.0,Arcturus,0037,1.1,26,1648.5172507306947
23,33,33,2MASS J00242463-0158201,Pisces,0h 24m 24.63s,−1° 58′ 20.1″,37.7,0.075412452,0.11201167,0.0,Arcturus,0037,1.1,26,1648.5172507306947
24,34,34,2MASS J00242463-0158201,Pisces,0h 24m 24.63s,−1° 58′ 20.1″,37.7,0.075412452,0.11201167,0.0,Arcturus,0037,1.1,26,1648.5172507306947
25,35,35,2MASS J00242463-0158201,Pisces,0h 24m 24.63s,−1° 58′ 20.1″,37.7,0.075412452,0.11201167,0.0,Arcturus,0037,1.1,26,1648.5172507306947
26,36,36,2MASS J00242463-0158201,Pisces,0h 24m 24.63s,−1° 58′ 20.1″,37.7,0.075412452,0.11201167,0.0,Arcturus,0037,1.1,26,1648.5172507306947
27,37,37,2MASS J00242463-0158201,Pisces,0h 24m 24.63s,−1° 58′ 20.1″,37.7,0.075412452,0.11201167,0.0,Arcturus,0037,1.1,26,1648.5172507306947
28,38,38,2MASS J00242463-0158201,Pisces,0h 24m 24.63s,−1° 58′ 20.1″,37.7,0.075412452,0.11201167,0.0,Arcturus,0037,1.1,26,1648.5172507306947
29,39,39,2MASS J00242463-0158201,Pisces,0h 24m 24.63s,−1° 58′ 20.1″,37.7,0.075412452,0.11201167,0.0,Arcturus,0037,1.1,26,1648.5172507306947
30,50,50,2MASS J00274197+0503417,Pisces,0h 27m 41.97s,5° 3′ 41.7″,236.0,0.029592228,0.1479787199999999,0.0,Capella,0043,2.6,12,370.6432628229714
31,51,51,2MASS J00274197+0503417,Pisces,0h 27m 41.97s,5° 3′ 41.7″,236.0,0.029592228,0.1479787199999999,0.0,Capella,0043,2.6,12,370.6432628229714
32,52,52,2MASS J00274197+0503417,Pisces,0h 27m 41.97s,5° 3′ 41.7″,236.0,0.029592228,0.1479787199999999,0.0,Capella,0043,2.6,12,370.6432628229714
33,53,53,2MASS J00274197+0503417,Pisces,0h 27m 41.97s,5° 3′ 41.7″,236.0,0.029592228,0.1479787199999999,0.0,Capella,0043,2.6,12,370.6432628229714
34,54,54,2MASS J00274197+0503417,Pisces,0h 27m 41.97s,5° 3′ 41.7″,236.0,0.029592228,0.1479787199999999,0.0,Capella,0043,2.6,12,370.6432628229714
35,55,55,2MASS J00274197+0503417,Pisces,0h 27m 41.97s,5° 3′ 41.7″,236.0,0.029592228,0.1479787199999999,0.0,Capella,0043,2.6,12,370.6432628229714
36,56,56,2MASS J00274197+0503417,Pisces,0h 27m 41.97s,5° 3′ 41.7″,236.0,0.029592228,0.1479787199999999,0.0,Rigel,0860,23,78.9,370.6432628229714
37,57,57,2MASS J00274197+0503417,Pisces,0h 27m 41.97s,5° 3′ 41.7″,236.0,0.029592228,0.1479787199999999,0.0,Rigel,0860,23,78.9,370.6432628229714
38,58,58,2MASS J00274197+0503417,Pisces,0h 27m 41.97s,5° 3′ 41.7″,236.0,0.029592228,0.1479787199999999,0.0,Rigel,0860,23,78.9,370.6432628229714
39,59,59,2MASS J00274197+0503417,Pisces,0h 27m 41.97s,5° 3′ 41.7″,236.0,0.029592228,0.1479787199999999,0.0,Rigel,0860,23,78.9,370.6432628229714
40,70,70,2MASSW J0030300-145033,Cetus,0h 30m 30.13s,−14° 50′ 33.3″,87.2,0.051547752,0.1007077399999999,0.0,Procyon,0011.4,1.5,1.9,1393.9943359838155
41,71,71,2MASSW J0030300-145033,Cetus,0h 30m 30.13s,−14° 50′ 33.3″,87.2,0.051547752,0.1007077399999999,0.0,Procyon,0011.4,1.5,1.9,1393.9943359838155
42,72,72,2MASSW J0030300-145033,Cetus,0h 30m 30.13s,−14° 50′ 33.3″,87.2,0.051547752,0.1007077399999999,0.0,Betelgeuse,0640[1],20,950,1393.9943359838155
43,73,73,2MASSW J0030300-145033,Cetus,0h 30m 30.13s,−14° 50′ 33.3″,87.2,0.051547752,0.1007077399999999,0.0,Betelgeuse,0640[1],20,950,1393.9943359838155
44,74,74,2MASSW J0030300-145033,Cetus,0h 30m 30.13s,−14° 50′ 33.3″,87.2,0.051547752,0.1007077399999999,0.0,Betelgeuse,0640[1],20,950,1393.9943359838155
45,75,75,2MASSW J0030300-145033,Cetus,0h 30m 30.13s,−14° 50′ 33.3″,87.2,0.051547752,0.1007077399999999,0.0,Betelgeuse,0640[1],20,950,1393.9943359838155
46,76,76,2MASSW J0030300-145033,Cetus,0h 30m 30.13s,−14° 50′ 33.3″,87.2,0.051547752,0.1007077399999999,0.0,Betelgeuse,0640[1],20,950,1393.9943359838155
47,77,77,2MASSW J0030300-145033,Cetus,0h 30m 30.13s,−14° 50′ 33.3″,87.2,0.051547752,0.1007077399999999,0.0,Betelgeuse,0640[1],20,950,1393.9943359838155
48,78,78,2MASSW J0030300-145033,Cetus,0h 30m 30.13s,−14° 50′ 33.3″,87.2,0.051547752,0.1007077399999999,0.0,Betelgeuse,0640[1],20,950,1393.9943359838155
49,79,79,2MASSW J0030300-145033,Cetus,0h 30m 30.13s,−14° 50′ 33.3″,87.2,0.051547752,0.1007077399999999,0.0,Betelgeuse,0640[1],20,950,1393.9943359838155
50,80,80,2MASS J00332386-1521309 [de],Cetus,0h 33m 23.86s,−15° 21′ ″,131.0,0.027683052,0.1469510899999999,0.0,Achernar,0144,6.7,9.3,351.5971318717642
51,81,81,2MASS J00332386-1521309 [de],Cetus,0h 33m 23.86s,−15° 21′ ″,131.0,0.027683052,0.1469510899999999,0.0,Achernar,0144,6.7,9.3,351.5971318717642
52,82,82,2MASS J00332386-1521309 [de],Cetus,0h 33m 23.86s,−15° 21′ ″,131.0,0.027683052,0.1469510899999999,0.0,Achernar,0144,6.7,9.3,351.5971318717642
53,83,83,2MASS J00332386-1521309 [de],Cetus,0h 33m 23.86s,−15° 21′ ″,131.0,0.027683052,0.1469510899999999,0.0,Achernar,0144,6.7,9.3,351.5971318717642
54,84,84,2MASS J00332386-1521309 [de],Cetus,0h 33m 23.86s,−15° 21′ ″,131.0,0.027683052,0.1469510899999999,0.0,Achernar,0144,6.7,9.3,351.5971318717642
55,85,85,2MASS J00332386-1521309 [de],Cetus,0h 33m 23.86s,−15° 21′ ″,131.0,0.027683052,0.1469510899999999,0.0,Achernar,0144,6.7,9.3,351.5971318717642
56,86,86,2MASS J00332386-1521309 [de],Cetus,0h 33m 23.86s,−15° 21′ ″,131.0,0.027683052,0.1469510899999999,0.0,Achernar,0144,6.7,9.3,351.5971318717642
57,87,87,2MASS J00332386-1521309 [de],Cetus,0h 33m 23.86s,−15° 21′ ″,131.0,0.027683052,0.1469510899999999,0.0,Achernar,0144,6.7,9.3,351.5971318717642
58,88,88,2MASS J00332386-1521309 [de],Cetus,0h 33m 23.86s,−15° 21′ ″,131.0,0.027683052,0.1469510899999999,0.0,Hadar,0390,10.5,8.6,351.5971318717642
59,89,89,2MASS J00332386-1521309 [de],Cetus,0h 33m 23.86s,−15° 21′ ″,131.0,0.027683052,0.1469510899999999,0.0,Hadar,0390,10.5,8.6,351.5971318717642
60,90,90,2MASS J00345157+0523050,Pisces,0h 34m 51.57s,5° 23′ 5″,31.0,0.040092696,0.0965972199999999,0.0,Hadar,0390,10.5,8.6,1178.4549471797186
61,91,91,2MASS J00345157+0523050,Pisces,0h 34m 51.57s,5° 23′ 5″,31.0,0.040092696,0.0965972199999999,0.0,Hadar,0390,10.5,8.6,1178.4549471797186
62,92,92,2MASS J00345157+0523050,Pisces,0h 34m 51.57s,5° 23′ 5″,31.0,0.040092696,0.0965972199999999,0.0,Hadar,0390,10.5,8.6,1178.4549471797186
63,93,93,2MASS J00345157+0523050,Pisces,0h 34m 51.57s,5° 23′ 5″,31.0,0.040092696,0.0965972199999999,0.0,Hadar,0390,10.5,8.6,1178.4549471797186
64,94,94,2MASS J00345157+0523050,Pisces,0h 34m 51.57s,5° 23′ 5″,31.0,0.040092696,0.0965972199999999,0.0,Hadar,0390,10.5,8.6,1178.4549471797186
65,95,95,2MASS J00345157+0523050,Pisces,0h 34m 51.57s,5° 23′ 5″,31.0,0.040092696,0.0965972199999999,0.0,Hadar,0390,10.5,8.6,1178.4549471797186
66,96,96,2MASS J00345157+0523050,Pisces,0h 34m 51.57s,5° 23′ 5″,31.0,0.040092696,0.0965972199999999,0.0,Altair,0017,1.8,1.8,1178.4549471797186
67,97,97,2MASS J00345157+0523050,Pisces,0h 34m 51.57s,5° 23′ 5″,31.0,0.040092696,0.0965972199999999,0.0,Altair,0017,1.8,1.8,1178.4549471797186
68,98,98,2MASS J00345157+0523050,Pisces,0h 34m 51.57s,5° 23′ 5″,31.0,0.040092696,0.0965972199999999,0.0,Altair,0017,1.8,1.8,1178.4549471797186
69,99,99,2MASS J00345157+0523050,Pisces,0h 34m 51.57s,5° 23′ 5″,31.0,0.040092696,0.0965972199999999,0.0,Altair,0017,1.8,1.8,1178.4549471797186
70,100,100,2MASS 0036+1821,Pisces,0h 36m 16.17s,18° 21′ 10.4″,28.6,0.040092696,0.0965972199999999,2000.0,Altair,0017,1.8,1.8,1178.4549471797186
71,101,101,2MASS 0036+1821,Pisces,0h 36m 16.17s,18° 21′ 10.4″,28.6,0.040092696,0.0965972199999999,2000.0,Altair,0017,1.8,1.8,1178.4549471797186
72,102,102,2MASS 0036+1821,Pisces,0h 36m 16.17s,18° 21′ 10.4″,28.6,0.040092696,0.0965972199999999,2000.0,Altair,0017,1.8,1.8,1178.4549471797186
73,103,103,2MASS 0036+1821,Pisces,0h 36m 16.17s,18° 21′ 10.4″,28.6,0.040092696,0.0965972199999999,2000.0,Altair,0017,1.8,1.8,1178.4549471797186
74,104,104,2MASS 0036+1821,Pisces,0h 36m 16.17s,18° 21′ 10.4″,28.6,0.040092696,0.0965972199999999,2000.0,Acrux,0320,18,8.9,1178.4549471797186
75,105,105,2MASS 0036+1821,Pisces,0h 36m 16.17s,18° 21′ 10.4″,28.6,0.040092696,0.0965972199999999,2000.0,Acrux,0320,18,8.9,1178.4549471797186
76,106,106,2MASS 0036+1821,Pisces,0h 36m 16.17s,18° 21′ 10.4″,28.6,0.040092696,0.0965972199999999,2000.0,Acrux,0320,18,8.9,1178.4549471797186
77,107,107,2MASS 0036+1821,Pisces,0h 36m 16.17s,18° 21′ 10.4″,28.6,0.040092696,0.0965972199999999,2000.0,Acrux,0320,18,8.9,1178.4549471797186
78,108,108,2MASS 0036+1821,Pisces,0h 36m 16.17s,18° 21′ 10.4″,28.6,0.040092696,0.0965972199999999,2000.0,Acrux,0320,18,8.9,1178.4549471797186
79,109,109,2MASS 0036+1821,Pisces,0h 36m 16.17s,18° 21′ 10.4″,28.6,0.040092696,0.0965972199999999,2000.0,Acrux,0320,18,8.9,1178.4549471797186
80,110,110,2MASSW J0045214+163445,Pisces,0h 45m 21.43s,16° 34′ 44.6″,57.0,0.021955524,0.16647606,0.0,Acrux,0320,18,8.9,217.2787267524544
81,111,111,2MASSW J0045214+163445,Pisces,0h 45m 21.43s,16° 34′ 44.6″,57.0,0.021955524,0.16647606,0.0,Acrux,0320,18,8.9,217.2787267524544
82,112,112,2MASSW J0045214+163445,Pisces,0h 45m 21.43s,16° 34′ 44.6″,57.0,0.021955524,0.16647606,0.0,Aldebaran,0065,1.5,44,217.2787267524544
83,113,113,2MASSW J0045214+163445,Pisces,0h 45m 21.43s,16° 34′ 44.6″,57.0,0.021955524,0.16647606,0.0,Aldebaran,0065,1.5,44,217.2787267524544
84,114,114,2MASSW J0045214+163445,Pisces,0h 45m 21.43s,16° 34′ 44.6″,57.0,0.021955524,0.16647606,0.0,Aldebaran,0065,1.5,44,217.2787267524544
85,115,115,2MASSW J0045214+163445,Pisces,0h 45m 21.43s,16° 34′ 44.6″,57.0,0.021955524,0.16647606,0.0,Aldebaran,0065,1.5,44,217.2787267524544
86,116,116,2MASSW J0045214+163445,Pisces,0h 45m 21.43s,16° 34′ 44.6″,57.0,0.021955524,0.16647606,0.0,Aldebaran,0065,1.5,44,217.2787267524544
87,117,117,2MASSW J0045214+163445,Pisces,0h 45m 21.43s,16° 34′ 44.6″,57.0,0.021955524,0.16647606,0.0,Aldebaran,0065,1.5,44,217.2787267524544
88,118,118,2MASSW J0045214+163445,Pisces,0h 45m 21.43s,16° 34′ 44.6″,57.0,0.021955524,0.16647606,0.0,Aldebaran,0065,1.5,44,217.2787267524544
89,119,119,2MASSW J0045214+163445,Pisces,0h 45m 21.43s,16° 34′ 44.6″,57.0,0.021955524,0.16647606,0.0,Aldebaran,0065,1.5,44,217.2787267524544
90,120,120,WISEP J004701.06+680352.1 [fr],Cassiopeia,0h 47m 0.38s,68° 3′ 54.3″,40.0,0.011455056,0.1335918999999999,0.0,Antares,0600,12,680,176.0410467164833
91,121,121,WISEP J004701.06+680352.1 [fr],Cassiopeia,0h 47m 0.38s,68° 3′ 54.3″,40.0,0.011455056,0.1335918999999999,0.0,Antares,0600,12,680,176.0410467164833
92,122,122,WISEP J004701.06+680352.1 [fr],Cassiopeia,0h 47m 0.38s,68° 3′ 54.3″,40.0,0.011455056,0.1335918999999999,0.0,Antares,0600,12,680,176.0410467164833
93,123,123,WISEP J004701.06+680352.1 [fr],Cassiopeia,0h 47m 0.38s,68° 3′ 54.3″,40.0,0.011455056,0.1335918999999999,0.0,Antares,0600,12,680,176.0410467164833
94,124,124,WISEP J004701.06+680352.1 [fr],Cassiopeia,0h 47m 0.38s,68° 3′ 54.3″,40.0,0.011455056,0.1335918999999999,0.0,Antares,0600,12,680,176.0410467164833
95,125,125,WISEP J004701.06+680352.1 [fr],Cassiopeia,0h 47m 0.38s,68° 3′ 54.3″,40.0,0.011455056,0.1335918999999999,0.0,Antares,0600,12,680,176.0410467164833
96,126,126,WISEP J004701.06+680352.1 [fr],Cassiopeia,0h 47m 0.38s,68° 3′ 54.3″,40.0,0.011455056,0.1335918999999999,0.0,Antares,0600,12,680,176.0410467164833
97,127,127,WISEP J004701.06+680352.1 [fr],Cassiopeia,0h 47m 0.38s,68° 3′ 54.3″,40.0,0.011455056,0.1335918999999999,0.0,Antares,0600,12,680,176.0410467164833
98,128,128,WISEP J004701.06+680352.1 [fr],Cassiopeia,0h 47m 0.38s,68° 3′ 54.3″,40.0,0.011455056,0.1335918999999999,0.0,Spica,0260,11.43,7.47,176.0410467164833
99,129,129,WISEP J004701.06+680352.1 [fr],Cassiopeia,0h 47m 0.38s,68° 3′ 54.3″,40.0,0.011455056,0.1335918999999999,0.0,Spica,0260,11.43,7.47,176.0410467164833
100,130,130,2MASS J00501994-3322402 [de],Sculptor,0h 50m 19.94s,−33° 22′ 40.2″,34.0,0.03818352,0.0965972199999999,0.0,Spica,0260,11.43,7.47,1122.3380449330652
101,131,131,2MASS J00501994-3322402 [de],Sculptor,0h 50m 19.94s,−33° 22′ 40.2″,34.0,0.03818352,0.0965972199999999,0.0,Spica,0260,11.43,7.47,1122.3380449330652
102,132,132,2MASS J00501994-3322402 [de],Sculptor,0h 50m 19.94s,−33° 22′ 40.2″,34.0,0.03818352,0.0965972199999999,0.0,Spica,0260,11.43,7.47,1122.3380449330652
103,133,133,2MASS J00501994-3322402 [de],Sculptor,0h 50m 19.94s,−33° 22′ 40.2″,34.0,0.03818352,0.0965972199999999,0.0,Spica,0260,11.43,7.47,1122.3380449330652
104,134,134,2MASS J00501994-3322402 [de],Sculptor,0h 50m 19.94s,−33° 22′ 40.2″,34.0,0.03818352,0.0965972199999999,0.0,Spica,0260,11.43,7.47,1122.3380449330652
105,135,135,2MASS J00501994-3322402 [de],Sculptor,0h 50m 19.94s,−33° 22′ 40.2″,34.0,0.03818352,0.0965972199999999,0.0,Spica,0260,11.43,7.47,1122.3380449330652
106,136,136,2MASS J00501994-3322402 [de],Sculptor,0h 50m 19.94s,−33° 22′ 40.2″,34.0,0.03818352,0.0965972199999999,0.0,Pollux,0034,1.9,8.8,1122.3380449330652
107,137,137,2MASS J00501994-3322402 [de],Sculptor,0h 50m 19.94s,−33° 22′ 40.2″,34.0,0.03818352,0.0965972199999999,0.0,Pollux,0034,1.9,8.8,1122.3380449330652
108,138,138,2MASS J00501994-3322402 [de],Sculptor,0h 50m 19.94s,−33° 22′ 40.2″,34.0,0.03818352,0.0965972199999999,0.0,Pollux,0034,1.9,8.8,1122.3380449330652
109,139,139,2MASS J00501994-3322402 [de],Sculptor,0h 50m 19.94s,−33° 22′ 40.2″,34.0,0.03818352,0.0965972199999999,0.0,Pollux,0034,1.9,8.8,1122.3380449330652
110,150,150,2MASS J00584253-0651239 [de],Cetus,0h 58m 42.53s,−6° 51′ 23.9″,96.0,0.027683052,0.1469510899999999,0.0,Fomalhaut,0025,1.9,1.8,351.5971318717642
111,151,151,2MASS J00584253-0651239 [de],Cetus,0h 58m 42.53s,−6° 51′ 23.9″,96.0,0.027683052,0.1469510899999999,0.0,Fomalhaut,0025,1.9,1.8,351.5971318717642
112,152,152,2MASS J00584253-0651239 [de],Cetus,0h 58m 42.53s,−6° 51′ 23.9″,96.0,0.027683052,0.1469510899999999,0.0,Deneb,"2,600",19,203,351.5971318717642
113,153,153,2MASS J00584253-0651239 [de],Cetus,0h 58m 42.53s,−6° 51′ 23.9″,96.0,0.027683052,0.1469510899999999,0.0,Deneb,"2,600",19,203,351.5971318717642
114,154,154,2MASS J00584253-0651239 [de],Cetus,0h 58m 42.53s,−6° 51′ 23.9″,96.0,0.027683052,0.1469510899999999,0.0,Deneb,"2,600",19,203,351.5971318717642
115,155,155,2MASS J00584253-0651239 [de],Cetus,0h 58m 42.53s,−6° 51′ 23.9″,96.0,0.027683052,0.1469510899999999,0.0,Deneb,"2,600",19,203,351.5971318717642
116,156,156,2MASS J00584253-0651239 [de],Cetus,0h 58m 42.53s,−6° 51′ 23.9″,96.0,0.027683052,0.1469510899999999,0.0,Deneb,"2,600",19,203,351.5971318717642
117,157,157,2MASS J00584253-0651239 [de],Cetus,0h 58m 42.53s,−6° 51′ 23.9″,96.0,0.027683052,0.1469510899999999,0.0,Deneb,"2,600",19,203,351.5971318717642
118,158,158,2MASS J00584253-0651239 [de],Cetus,0h 58m 42.53s,−6° 51′ 23.9″,96.0,0.027683052,0.1469510899999999,0.0,Deneb,"2,600",19,203,351.5971318717642
119,159,159,2MASS J00584253-0651239 [de],Cetus,0h 58m 42.53s,−6° 51′ 23.9″,96.0,0.027683052,0.1469510899999999,0.0,Deneb,"2,600",19,203,351.5971318717642
120,160,160,CFBDS J005910.90–011401.3,Cetus,0h 59m 10.83s,−1° 14′ 1.3″,30.0,0.021955524,0.0,2013.0,Mimosa,0350,16,8.4,0.0
121,161,161,CFBDS J005910.90–011401.3,Cetus,0h 59m 10.83s,−1° 14′ 1.3″,30.0,0.021955524,0.0,2013.0,Mimosa,0350,16,8.4,0.0
122,162,162,CFBDS J005910.90–011401.3,Cetus,0h 59m 10.83s,−1° 14′ 1.3″,30.0,0.021955524,0.0,2013.0,Mimosa,0350,16,8.4,0.0
123,163,163,CFBDS J005910.90–011401.3,Cetus,0h 59m 10.83s,−1° 14′ 1.3″,30.0,0.021955524,0.0,2013.0,Mimosa,0350,16,8.4,0.0
124,164,164,CFBDS J005910.90–011401.3,Cetus,0h 59m 10.83s,−1° 14′ 1.3″,30.0,0.021955524,0.0,2013.0,Mimosa,0350,16,8.4,0.0
125,165,165,CFBDS J005910.90–011401.3,Cetus,0h 59m 10.83s,−1° 14′ 1.3″,30.0,0.021955524,0.0,2013.0,Mimosa,0350,16,8.4,0.0
126,166,166,CFBDS J005910.90–011401.3,Cetus,0h 59m 10.83s,−1° 14′ 1.3″,30.0,0.021955524,0.0,2013.0,Mimosa,0350,16,8.4,0.0
127,167,167,CFBDS J005910.90–011401.3,Cetus,0h 59m 10.83s,−1° 14′ 1.3″,30.0,0.021955524,0.0,2013.0,Mimosa,0350,16,8.4,0.0
128,168,168,CFBDS J005910.90–011401.3,Cetus,0h 59m 10.83s,−1° 14′ 1.3″,30.0,0.021955524,0.0,2013.0,Regulus,0077,3.8,3.1,0.0
129,169,169,CFBDS J005910.90–011401.3,Cetus,0h 59m 10.83s,−1° 14′ 1.3″,30.0,0.021955524,0.0,2013.0,Regulus,0077,3.8,3.1,0.0
130,170,170,2MASSI J0103320+193536,Pisces,1h 3m 32.03s,19° ′ 35″,70.0,0.049638576,0.1007077399999999,0.0,Regulus,0077,3.8,3.1,1342.364916132563
131,171,171,2MASSI J0103320+193536,Pisces,1h 3m 32.03s,19° ′ 35″,70.0,0.049638576,0.1007077399999999,0.0,Regulus,0077,3.8,3.1,1342.364916132563
132,172,172,2MASSI J0103320+193536,Pisces,1h 3m 32.03s,19° ′ 35″,70.0,0.049638576,0.1007077399999999,0.0,Regulus,0077,3.8,3.1,1342.364916132563
133,173,173,2MASSI J0103320+193536,Pisces,1h 3m 32.03s,19° ′ 35″,70.0,0.049638576,0.1007077399999999,0.0,Regulus,0077,3.8,3.1,1342.364916132563
134,174,174,2MASSI J0103320+193536,Pisces,1h 3m 32.03s,19° ′ 35″,70.0,0.049638576,0.1007077399999999,0.0,Regulus,0077,3.8,3.1,1342.364916132563
135,175,175,2MASSI J0103320+193536,Pisces,1h 3m 32.03s,19° ′ 35″,70.0,0.049638576,0.1007077399999999,0.0,Regulus,0077,3.8,3.1,1342.364916132563
136,176,176,2MASSI J0103320+193536,Pisces,1h 3m 32.03s,19° ′ 35″,70.0,0.049638576,0.1007077399999999,0.0,Adhara,0430,12.5,14,1342.364916132563
137,177,177,2MASSI J0103320+193536,Pisces,1h 3m 32.03s,19° ′ 35″,70.0,0.049638576,0.1007077399999999,0.0,Adhara,0430,12.5,14,1342.364916132563
138,178,178,2MASSI J0103320+193536,Pisces,1h 3m 32.03s,19° ′ 35″,70.0,0.049638576,0.1007077399999999,0.0,Adhara,0430,12.5,14,1342.364916132563
139,179,179,2MASSI J0103320+193536,Pisces,1h 3m 32.03s,19° ′ 35″,70.0,0.049638576,0.1007077399999999,0.0,Adhara,0430,12.5,14,1342.364916132563
140,180,180,SDSSp J010752.33+004156.1 [de],Cetus,1h 7m 52.42s,−0° 41′ 56.3″,51.0,0.049638576,0.1007077399999999,0.0,Adhara,0430,12.5,14,1342.364916132563
141,181,181,SDSSp J010752.33+004156.1 [de],Cetus,1h 7m 52.42s,−0° 41′ 56.3″,51.0,0.049638576,0.1007077399999999,0.0,Adhara,0430,12.5,14,1342.364916132563
142,182,182,SDSSp J010752.33+004156.1 [de],Cetus,1h 7m 52.42s,−0° 41′ 56.3″,51.0,0.049638576,0.1007077399999999,0.0,Adhara,0430,12.5,14,1342.364916132563
143,183,183,SDSSp J010752.33+004156.1 [de],Cetus,1h 7m 52.42s,−0° 41′ 56.3″,51.0,0.049638576,0.1007077399999999,0.0,Adhara,0430,12.5,14,1342.364916132563
144,184,184,SDSSp J010752.33+004156.1 [de],Cetus,1h 7m 52.42s,−0° 41′ 56.3″,51.0,0.049638576,0.1007077399999999,0.0,Shaula,0700,14.5,8.8,1342.364916132563
145,185,185,SDSSp J010752.33+004156.1 [de],Cetus,1h 7m 52.42s,−0° 41′ 56.3″,51.0,0.049638576,0.1007077399999999,0.0,Shaula,0700,14.5,8.8,1342.364916132563
146,186,186,SDSSp J010752.33+004156.1 [de],Cetus,1h 7m 52.42s,−0° 41′ 56.3″,51.0,0.049638576,0.1007077399999999,0.0,Shaula,0700,14.5,8.8,1342.364916132563
147,187,187,SDSSp J010752.33+004156.1 [de],Cetus,1h 7m 52.42s,−0° 41′ 56.3″,51.0,0.049638576,0.1007077399999999,0.0,Shaula,0700,14.5,8.8,1342.364916132563
148,188,188,SDSSp J010752.33+004156.1 [de],Cetus,1h 7m 52.42s,−0° 41′ 56.3″,51.0,0.049638576,0.1007077399999999,0.0,Shaula,0700,14.5,8.8,1342.364916132563
149,189,189,SDSSp J010752.33+004156.1 [de],Cetus,1h 7m 52.42s,−0° 41′ 56.3″,51.0,0.049638576,0.1007077399999999,0.0,Shaula,0700,14.5,8.8,1342.364916132563
150,190,190,2MASSI J0117474-340325 [de],Sculptor,1h 17m 47.48s,−34° 3′ 25.8″,163.0,0.01909176,0.16647606,0.0,Shaula,0700,14.5,8.8,188.93802326300383
151,191,191,2MASSI J0117474-340325 [de],Sculptor,1h 17m 47.48s,−34° 3′ 25.8″,163.0,0.01909176,0.16647606,0.0,Shaula,0700,14.5,8.8,188.93802326300383
152,192,192,2MASSI J0117474-340325 [de],Sculptor,1h 17m 47.48s,−34° 3′ 25.8″,163.0,0.01909176,0.16647606,0.0,Castor,0052,2.8,2.4,188.93802326300383
153,193,193,2MASSI J0117474-340325 [de],Sculptor,1h 17m 47.48s,−34° 3′ 25.8″,163.0,0.01909176,0.16647606,0.0,Castor,0052,2.8,2.4,188.93802326300383
154,194,194,2MASSI J0117474-340325 [de],Sculptor,1h 17m 47.48s,−34° 3′ 25.8″,163.0,0.01909176,0.16647606,0.0,Castor,0052,2.8,2.4,188.93802326300383
155,195,195,2MASSI J0117474-340325 [de],Sculptor,1h 17m 47.48s,−34° 3′ 25.8″,163.0,0.01909176,0.16647606,0.0,Castor,0052,2.8,2.4,188.93802326300383
156,196,196,2MASSI J0117474-340325 [de],Sculptor,1h 17m 47.48s,−34° 3′ 25.8″,163.0,0.01909176,0.16647606,0.0,Castor,0052,2.8,2.4,188.93802326300383
157,197,197,2MASSI J0117474-340325 [de],Sculptor,1h 17m 47.48s,−34° 3′ 25.8″,163.0,0.01909176,0.16647606,0.0,Castor,0052,2.8,2.4,188.93802326300383
158,198,198,2MASSI J0117474-340325 [de],Sculptor,1h 17m 47.48s,−34° 3′ 25.8″,163.0,0.01909176,0.16647606,0.0,Castor,0052,2.8,2.4,188.93802326300383
159,199,199,2MASSI J0117474-340325 [de],Sculptor,1h 17m 47.48s,−34° 3′ 25.8″,163.0,0.01909176,0.16647606,0.0,Castor,0052,2.8,2.4,188.93802326300383
160,200,200,2MASS J01415823-4633574 [de],Phoenix,1h 41m 58.23s,−46° 33′ 57.4″,130.0,0.01909176,0.16544843,0.0,Gacrux,0088,1.5,84,191.292368446984
161,201,201,2MASS J01415823-4633574 [de],Phoenix,1h 41m 58.23s,−46° 33′ 57.4″,130.0,0.01909176,0.16544843,0.0,Gacrux,0088,1.5,84,191.292368446984
162,202,202,2MASS J01415823-4633574 [de],Phoenix,1h 41m 58.23s,−46° 33′ 57.4″,130.0,0.01909176,0.16544843,0.0,Gacrux,0088,1.5,84,191.292368446984
163,203,203,2MASS J01415823-4633574 [de],Phoenix,1h 41m 58.23s,−46° 33′ 57.4″,130.0,0.01909176,0.16544843,0.0,Gacrux,0088,1.5,84,191.292368446984
164,204,204,2MASS J01415823-4633574 [de],Phoenix,1h 41m 58.23s,−46° 33′ 57.4″,130.0,0.01909176,0.16544843,0.0,Gacrux,0088,1.5,84,191.292368446984
165,205,205,2MASS J01415823-4633574 [de],Phoenix,1h 41m 58.23s,−46° 33′ 57.4″,130.0,0.01909176,0.16544843,0.0,Gacrux,0088,1.5,84,191.292368446984
166,206,206,2MASS J01415823-4633574 [de],Phoenix,1h 41m 58.23s,−46° 33′ 57.4″,130.0,0.01909176,0.16544843,0.0,Gacrux,0088,1.5,84,191.292368446984
167,207,207,2MASS J01415823-4633574 [de],Phoenix,1h 41m 58.23s,−46° 33′ 57.4″,130.0,0.01909176,0.16544843,0.0,Gacrux,0088,1.5,84,191.292368446984
168,208,208,2MASS J01415823-4633574 [de],Phoenix,1h 41m 58.23s,−46° 33′ 57.4″,130.0,0.01909176,0.16544843,0.0,Bellatrix,0240,8.6,5.8,191.292368446984
169,209,209,2MASS J01415823-4633574 [de],Phoenix,1h 41m 58.23s,−46° 33′ 57.4″,130.0,0.01909176,0.16544843,0.0,Bellatrix,0240,8.6,5.8,191.292368446984
170,210,210,SDSS J015141.69+124429.6,0,1h 51m 41.55s,12° 44′ 30″,70.0,0.044865636,0.0996801099999999,0.0,Bellatrix,0240,8.6,5.8,1238.4366334263539
171,211,211,SDSS J015141.69+124429.6,0,1h 51m 41.55s,12° 44′ 30″,70.0,0.044865636,0.0996801099999999,0.0,Bellatrix,0240,8.6,5.8,1238.4366334263539
172,212,212,SDSS J015141.69+124429.6,0,1h 51m 41.55s,12° 44′ 30″,70.0,0.044865636,0.0996801099999999,0.0,Bellatrix,0240,8.6,5.8,1238.4366334263539
173,213,213,SDSS J015141.69+124429.6,0,1h 51m 41.55s,12° 44′ 30″,70.0,0.044865636,0.0996801099999999,0.0,Bellatrix,0240,8.6,5.8,1238.4366334263539
174,214,214,SDSS J015141.69+124429.6,0,1h 51m 41.55s,12° 44′ 30″,70.0,0.044865636,0.0996801099999999,0.0,Bellatrix,0240,8.6,5.8,1238.4366334263539
175,215,215,SDSS J015141.69+124429.6,0,1h 51m 41.55s,12° 44′ 30″,70.0,0.044865636,0.0996801099999999,0.0,Bellatrix,0240,8.6,5.8,1238.4366334263539
176,216,216,SDSS J015141.69+124429.6,0,1h 51m 41.55s,12° 44′ 30″,70.0,0.044865636,0.0996801099999999,0.0,Elnath,0130,5.0,4.2,1238.4366334263539
177,217,217,SDSS J015141.69+124429.6,0,1h 51m 41.55s,12° 44′ 30″,70.0,0.044865636,0.0996801099999999,0.0,Elnath,0130,5.0,4.2,1238.4366334263539
178,218,218,SDSS J015141.69+124429.6,0,1h 51m 41.55s,12° 44′ 30″,70.0,0.044865636,0.0996801099999999,0.0,Elnath,0130,5.0,4.2,1238.4366334263539
179,219,219,SDSS J015141.69+124429.6,0,1h 51m 41.55s,12° 44′ 30″,70.0,0.044865636,0.0996801099999999,0.0,Elnath,0130,5.0,4.2,1238.4366334263539
180,250,250,SDSS J020742.48+000056.2 [de],Cetus,2h 7m 42.84s,−0° 0′ 56.4″,111.0,0.044865636,0.0996801099999999,0.0,Alnair,0101,4.0,3.4,1238.4366334263539
181,251,251,SDSS J020742.48+000056.2 [de],Cetus,2h 7m 42.84s,−0° 0′ 56.4″,111.0,0.044865636,0.0996801099999999,0.0,Alnair,0101,4.0,3.4,1238.4366334263539
182,252,252,SDSS J020742.48+000056.2 [de],Cetus,2h 7m 42.84s,−0° 0′ 56.4″,111.0,0.044865636,0.0996801099999999,0.0,Alnair,0101,4.0,3.4,1238.4366334263539
183,253,253,SDSS J020742.48+000056.2 [de],Cetus,2h 7m 42.84s,−0° 0′ 56.4″,111.0,0.044865636,0.0996801099999999,0.0,Alnair,0101,4.0,3.4,1238.4366334263539
184,254,254,SDSS J020742.48+000056.2 [de],Cetus,2h 7m 42.84s,−0° 0′ 56.4″,111.0,0.044865636,0.0996801099999999,0.0,Alnair,0101,4.0,3.4,1238.4366334263539
185,255,255,SDSS J020742.48+000056.2 [de],Cetus,2h 7m 42.84s,−0° 0′ 56.4″,111.0,0.044865636,0.0996801099999999,0.0,Alnair,0101,4.0,3.4,1238.4366334263539
186,256,256,SDSS J020742.48+000056.2 [de],Cetus,2h 7m 42.84s,−0° 0′ 56.4″,111.0,0.044865636,0.0996801099999999,0.0,Alioth,0081,2.9,4.2,1238.4366334263539
187,257,257,SDSS J020742.48+000056.2 [de],Cetus,2h 7m 42.84s,−0° 0′ 56.4″,111.0,0.044865636,0.0996801099999999,0.0,Alioth,0081,2.9,4.2,1238.4366334263539
188,258,258,SDSS J020742.48+000056.2 [de],Cetus,2h 7m 42.84s,−0° 0′ 56.4″,111.0,0.044865636,0.0996801099999999,0.0,Alioth,0081,2.9,4.2,1238.4366334263539
189,259,259,SDSS J020742.48+000056.2 [de],Cetus,2h 7m 42.84s,−0° 0′ 56.4″,111.0,0.044865636,0.0996801099999999,0.0,Alioth,0081,2.9,4.2,1238.4366334263539
190,260,260,2MASS J02103857-3015313,0,2h 10m 38.57s,−30° 15′ 31.3″,101.0,0.01431882,0.15722739,0.0,Alioth,0081,2.9,4.2,158.86484308965376
191,261,261,2MASS J02103857-3015313,0,2h 10m 38.57s,−30° 15′ 31.3″,101.0,0.01431882,0.15722739,0.0,Alioth,0081,2.9,4.2,158.86484308965376
192,262,262,2MASS J02103857-3015313,0,2h 10m 38.57s,−30° 15′ 31.3″,101.0,0.01431882,0.15722739,0.0,Alioth,0081,2.9,4.2,158.86484308965376
193,263,263,2MASS J02103857-3015313,0,2h 10m 38.57s,−30° 15′ 31.3″,101.0,0.01431882,0.15722739,0.0,Alioth,0081,2.9,4.2,158.86484308965376
194,264,264,2MASS J02103857-3015313,0,2h 10m 38.57s,−30° 15′ 31.3″,101.0,0.01431882,0.15722739,0.0,Alnitak,01050,33,20,158.86484308965376
195,265,265,2MASS J02103857-3015313,0,2h 10m 38.57s,−30° 15′ 31.3″,101.0,0.01431882,0.15722739,0.0,Alnitak,01050,33,20,158.86484308965376
196,266,266,2MASS J02103857-3015313,0,2h 10m 38.57s,−30° 15′ 31.3″,101.0,0.01431882,0.15722739,0.0,Alnitak,01050,33,20,158.86484308965376
197,267,267,2MASS J02103857-3015313,0,2h 10m 38.57s,−30° 15′ 31.3″,101.0,0.01431882,0.15722739,0.0,Alnitak,01050,33,20,158.86484308965376
198,268,268,2MASS J02103857-3015313,0,2h 10m 38.57s,−30° 15′ 31.3″,101.0,0.01431882,0.15722739,0.0,Alnitak,01050,33,20,158.86484308965376
199,269,269,2MASS J02103857-3015313,0,2h 10m 38.57s,−30° 15′ 31.3″,101.0,0.01431882,0.15722739,0.0,Alnitak,01050,33,20,158.86484308965376
200,270,270,2MASS J02340093-6442068,0,2h 34m 0.93s,−64° 42′ 6.8″,155.0,0.01909176,0.16647606,0.0,Alnitak,01050,33,20,188.93802326300383
201,271,271,2MASS J02340093-6442068,0,2h 34m 0.93s,−64° 42′ 6.8″,155.0,0.01909176,0.16647606,0.0,Alnitak,01050,33,20,188.93802326300383
202,272,272,2MASS J02340093-6442068,0,2h 34m 0.93s,−64° 42′ 6.8″,155.0,0.01909176,0.16647606,0.0,Dubhe,0120,4.25,30,188.93802326300383
203,273,273,2MASS J02340093-6442068,0,2h 34m 0.93s,−64° 42′ 6.8″,155.0,0.01909176,0.16647606,0.0,Dubhe,0120,4.25,30,188.93802326300383
204,274,274,2MASS J02340093-6442068,0,2h 34m 0.93s,−64° 42′ 6.8″,155.0,0.01909176,0.16647606,0.0,Dubhe,0120,4.25,30,188.93802326300383
205,275,275,2MASS J02340093-6442068,0,2h 34m 0.93s,−64° 42′ 6.8″,155.0,0.01909176,0.16647606,0.0,Dubhe,0120,4.25,30,188.93802326300383
206,276,276,2MASS J02340093-6442068,0,2h 34m 0.93s,−64° 42′ 6.8″,155.0,0.01909176,0.16647606,0.0,Dubhe,0120,4.25,30,188.93802326300383
207,277,277,2MASS J02340093-6442068,0,2h 34m 0.93s,−64° 42′ 6.8″,155.0,0.01909176,0.16647606,0.0,Dubhe,0120,4.25,30,188.93802326300383
208,278,278,2MASS J02340093-6442068,0,2h 34m 0.93s,−64° 42′ 6.8″,155.0,0.01909176,0.16647606,0.0,Dubhe,0120,4.25,30,188.93802326300383
209,279,279,2MASS J02340093-6442068,0,2h 34m 0.93s,−64° 42′ 6.8″,155.0,0.01909176,0.16647606,0.0,Dubhe,0120,4.25,30,188.93802326300383
210,280,280,2MASS J02411151-0326587 [de],Cetus,2h 41m 11.51s,−3° 26′ 58.7″,152.0,0.025773876,0.1448958299999999,0.0,Mirfak,0590,8.5,68,336.70141347991955
211,281,281,2MASS J02411151-0326587 [de],Cetus,2h 41m 11.51s,−3° 26′ 58.7″,152.0,0.025773876,0.1448958299999999,0.0,Mirfak,0590,8.5,68,336.70141347991955
212,282,282,2MASS J02411151-0326587 [de],Cetus,2h 41m 11.51s,−3° 26′ 58.7″,152.0,0.025773876,0.1448958299999999,0.0,Mirfak,0590,8.5,68,336.70141347991955
213,283,283,2MASS J02411151-0326587 [de],Cetus,2h 41m 11.51s,−3° 26′ 58.7″,152.0,0.025773876,0.1448958299999999,0.0,Mirfak,0590,8.5,68,336.70141347991955
214,284,284,2MASS J02411151-0326587 [de],Cetus,2h 41m 11.51s,−3° 26′ 58.7″,152.0,0.025773876,0.1448958299999999,0.0,Mirfak,0590,8.5,68,336.70141347991955
215,285,285,2MASS J02411151-0326587 [de],Cetus,2h 41m 11.51s,−3° 26′ 58.7″,152.0,0.025773876,0.1448958299999999,0.0,Mirfak,0590,8.5,68,336.70141347991955
216,286,286,2MASS J02411151-0326587 [de],Cetus,2h 41m 11.51s,−3° 26′ 58.7″,152.0,0.025773876,0.1448958299999999,0.0,Mirfak,0590,8.5,68,336.70141347991955
217,287,287,2MASS J02411151-0326587 [de],Cetus,2h 41m 11.51s,−3° 26′ 58.7″,152.0,0.025773876,0.1448958299999999,0.0,Mirfak,0590,8.5,68,336.70141347991955
218,288,288,2MASS J02411151-0326587 [de],Cetus,2h 41m 11.51s,−3° 26′ 58.7″,152.0,0.025773876,0.1448958299999999,0.0,Wezen,"1,600",17,200,336.70141347991955
219,289,289,2MASS J02411151-0326587 [de],Cetus,2h 41m 11.51s,−3° 26′ 58.7″,152.0,0.025773876,0.1448958299999999,0.0,Wezen,"1,600",17,200,336.70141347991955
220,290,290,2MASS J02431371−2453298,Fornax,2h 43m 13.71s,−24° 53′ 29.8″,35.0,0.031501404,0.1017353699999999,2002.0,Wezen,"1,600",17,200,834.7625391438187
221,291,291,2MASS J02431371−2453298,Fornax,2h 43m 13.71s,−24° 53′ 29.8″,35.0,0.031501404,0.1017353699999999,2002.0,Wezen,"1,600",17,200,834.7625391438187
222,292,292,2MASS J02431371−2453298,Fornax,2h 43m 13.71s,−24° 53′ 29.8″,35.0,0.031501404,0.1017353699999999,2002.0,Wezen,"1,600",17,200,834.7625391438187
223,293,293,2MASS J02431371−2453298,Fornax,2h 43m 13.71s,−24° 53′ 29.8″,35.0,0.031501404,0.1017353699999999,2002.0,Wezen,"1,600",17,200,834.7625391438187
224,294,294,2MASS J02431371−2453298,Fornax,2h 43m 13.71s,−24° 53′ 29.8″,35.0,0.031501404,0.1017353699999999,2002.0,Wezen,"1,600",17,200,834.7625391438187
225,295,295,2MASS J02431371−2453298,Fornax,2h 43m 13.71s,−24° 53′ 29.8″,35.0,0.031501404,0.1017353699999999,2002.0,Wezen,"1,600",17,200,834.7625391438187
226,296,296,2MASS J02431371−2453298,Fornax,2h 43m 13.71s,−24° 53′ 29.8″,35.0,0.031501404,0.1017353699999999,2002.0,Sargas,0270,5.7,26,834.7625391438187
227,297,297,2MASS J02431371−2453298,Fornax,2h 43m 13.71s,−24° 53′ 29.8″,35.0,0.031501404,0.1017353699999999,2002.0,Sargas,0270,5.7,26,834.7625391438187
228,298,298,2MASS J02431371−2453298,Fornax,2h 43m 13.71s,−24° 53′ 29.8″,35.0,0.031501404,0.1017353699999999,2002.0,Sargas,0270,5.7,26,834.7625391438187
229,299,299,2MASS J02431371−2453298,Fornax,2h 43m 13.71s,−24° 53′ 29.8″,35.0,0.031501404,0.1017353699999999,2002.0,Sargas,0270,5.7,26,834.7625391438187
230,300,300,LP 771-21,0,2h 48m 41s,−16° 51′ 21.6″,53.0,0.074457864,0.11098404,0.0,Sargas,0270,5.7,26,1657.9311541328584
231,301,301,LP 771-21,0,2h 48m 41s,−16° 51′ 21.6″,53.0,0.074457864,0.11098404,0.0,Sargas,0270,5.7,26,1657.9311541328584
232,302,302,LP 771-21,0,2h 48m 41s,−16° 51′ 21.6″,53.0,0.074457864,0.11098404,0.0,Sargas,0270,5.7,26,1657.9311541328584
233,303,303,LP 771-21,0,2h 48m 41s,−16° 51′ 21.6″,53.0,0.074457864,0.11098404,0.0,Sargas,0270,5.7,26,1657.9311541328584
234,304,304,LP 771-21,0,2h 48m 41s,−16° 51′ 21.6″,53.0,0.074457864,0.11098404,0.0,Kaus Australis,0140,3.5,6.8,1657.9311541328584
235,305,305,LP 771-21,0,2h 48m 41s,−16° 51′ 21.6″,53.0,0.074457864,0.11098404,0.0,Kaus Australis,0140,3.5,6.8,1657.9311541328584
236,306,306,LP 771-21,0,2h 48m 41s,−16° 51′ 21.6″,53.0,0.074457864,0.11098404,0.0,Kaus Australis,0140,3.5,6.8,1657.9311541328584
237,307,307,LP 771-21,0,2h 48m 41s,−16° 51′ 21.6″,53.0,0.074457864,0.11098404,0.0,Kaus Australis,0140,3.5,6.8,1657.9311541328584
238,308,308,LP 771-21,0,2h 48m 41s,−16° 51′ 21.6″,53.0,0.074457864,0.11098404,0.0,Kaus Australis,0140,3.5,6.8,1657.9311541328584
239,309,309,LP 771-21,0,2h 48m 41s,−16° 51′ 21.6″,53.0,0.074457864,0.11098404,0.0,Kaus Australis,0140,3.5,6.8,1657.9311541328584
240,320,320,2MASS J02535980+3206373,0,2h 53m 59.8s,32° 6′ 37.3″,184.0,0.06204822,0.1952496999999999,0.0,Alkaid,0104,6.1,3.4,446.40140770557906
241,321,321,2MASS J02535980+3206373,0,2h 53m 59.8s,32° 6′ 37.3″,184.0,0.06204822,0.1952496999999999,0.0,Alkaid,0104,6.1,3.4,446.40140770557906
242,322,322,2MASS J02535980+3206373,0,2h 53m 59.8s,32° 6′ 37.3″,184.0,0.06204822,0.1952496999999999,0.0,Alkaid,0104,6.1,3.4,446.40140770557906
243,323,323,2MASS J02535980+3206373,0,2h 53m 59.8s,32° 6′ 37.3″,184.0,0.06204822,0.1952496999999999,0.0,Alkaid,0104,6.1,3.4,446.40140770557906
244,324,324,2MASS J02535980+3206373,0,2h 53m 59.8s,32° 6′ 37.3″,184.0,0.06204822,0.1952496999999999,0.0,Alkaid,0104,6.1,3.4,446.40140770557906
245,325,325,2MASS J02535980+3206373,0,2h 53m 59.8s,32° 6′ 37.3″,184.0,0.06204822,0.1952496999999999,0.0,Alkaid,0104,6.1,3.4,446.40140770557906
246,326,326,2MASS J02535980+3206373,0,2h 53m 59.8s,32° 6′ 37.3″,184.0,0.06204822,0.1952496999999999,0.0,Alkaid,0104,6.1,3.4,446.40140770557906
247,327,327,2MASS J02535980+3206373,0,2h 53m 59.8s,32° 6′ 37.3″,184.0,0.06204822,0.1952496999999999,0.0,Alkaid,0104,6.1,3.4,446.40140770557906
248,328,328,2MASS J02535980+3206373,0,2h 53m 59.8s,32° 6′ 37.3″,184.0,0.06204822,0.1952496999999999,0.0,Menkalinan,081,2.39,2.77,446.40140770557906
249,329,329,2MASS J02535980+3206373,0,2h 53m 59.8s,32° 6′ 37.3″,184.0,0.06204822,0.1952496999999999,0.0,Menkalinan,081,2.39,2.77,446.40140770557906
250,330,330,WISE J0254+0223,Cetus,2h 54m 9.45s,2° 23′ 59.1″,24.0,0.06204822,0.1952496999999999,0.0,Menkalinan,081,2.39,2.77,446.40140770557906
251,331,331,WISE J0254+0223,Cetus,2h 54m 9.45s,2° 23′ 59.1″,24.0,0.06204822,0.1952496999999999,0.0,Menkalinan,081,2.39,2.77,446.40140770557906
252,332,332,WISE J0254+0223,Cetus,2h 54m 9.45s,2° 23′ 59.1″,24.0,0.06204822,0.1952496999999999,0.0,Menkalinan,081,2.39,2.77,446.40140770557906
253,333,333,WISE J0254+0223,Cetus,2h 54m 9.45s,2° 23′ 59.1″,24.0,0.06204822,0.1952496999999999,0.0,Menkalinan,081,2.39,2.77,446.40140770557906
254,334,334,WISE J0254+0223,Cetus,2h 54m 9.45s,2° 23′ 59.1″,24.0,0.06204822,0.1952496999999999,0.0,Menkalinan,081,2.39,2.77,446.40140770557906
255,335,335,WISE J0254+0223,Cetus,2h 54m 9.45s,2° 23′ 59.1″,24.0,0.06204822,0.1952496999999999,0.0,Menkalinan,081,2.39,2.77,446.40140770557906
256,336,336,WISE J0254+0223,Cetus,2h 54m 9.45s,2° 23′ 59.1″,24.0,0.06204822,0.1952496999999999,0.0,Atria,0390,7,92,446.40140770557906
257,337,337,WISE J0254+0223,Cetus,2h 54m 9.45s,2° 23′ 59.1″,24.0,0.06204822,0.1952496999999999,0.0,Atria,0390,7,92,446.40140770557906
258,338,338,WISE J0254+0223,Cetus,2h 54m 9.45s,2° 23′ 59.1″,24.0,0.06204822,0.1952496999999999,0.0,Atria,0390,7,92,446.40140770557906
259,339,339,WISE J0254+0223,Cetus,2h 54m 9.45s,2° 23′ 59.1″,24.0,0.06204822,0.1952496999999999,0.0,Atria,0390,7,92,446.40140770557906
260,340,340,DEN 0255-4700,Eridanus,2h 55m 3.57s,−47° 0′ 50.9″,16.2,0.07636704,0.0996801099999999,2006.0,Atria,0390,7,92,2107.977248385283
261,341,341,DEN 0255-4700,Eridanus,2h 55m 3.57s,−47° 0′ 50.9″,16.2,0.07636704,0.0996801099999999,2006.0,Atria,0390,7,92,2107.977248385283
262,342,342,DEN 0255-4700,Eridanus,2h 55m 3.57s,−47° 0′ 50.9″,16.2,0.07636704,0.0996801099999999,2006.0,Atria,0390,7,92,2107.977248385283
263,343,343,DEN 0255-4700,Eridanus,2h 55m 3.57s,−47° 0′ 50.9″,16.2,0.07636704,0.0996801099999999,2006.0,Atria,0390,7,92,2107.977248385283
264,344,344,DEN 0255-4700,Eridanus,2h 55m 3.57s,−47° 0′ 50.9″,16.2,0.07636704,0.0996801099999999,2006.0,Alhena,0109,2.8,3.3,2107.977248385283
265,345,345,DEN 0255-4700,Eridanus,2h 55m 3.57s,−47° 0′ 50.9″,16.2,0.07636704,0.0996801099999999,2006.0,Alhena,0109,2.8,3.3,2107.977248385283
266,346,346,DEN 0255-4700,Eridanus,2h 55m 3.57s,−47° 0′ 50.9″,16.2,0.07636704,0.0996801099999999,2006.0,Alhena,0109,2.8,3.3,2107.977248385283
267,347,347,DEN 0255-4700,Eridanus,2h 55m 3.57s,−47° 0′ 50.9″,16.2,0.07636704,0.0996801099999999,2006.0,Alhena,0109,2.8,3.3,2107.977248385283
268,348,348,DEN 0255-4700,Eridanus,2h 55m 3.57s,−47° 0′ 50.9″,16.2,0.07636704,0.0996801099999999,2006.0,Alhena,0109,2.8,3.3,2107.977248385283
269,349,349,DEN 0255-4700,Eridanus,2h 55m 3.57s,−47° 0′ 50.9″,16.2,0.07636704,0.0996801099999999,2006.0,Alhena,0109,2.8,3.3,2107.977248385283
270,350,350,2MASS J03185403-3421292 [de],Fornax,3h 18m 54.03s,−34° 21′ 29.2″,45.0,0.046774812,0.0996801099999999,2008.0,Alhena,0109,2.8,3.3,1291.136064635986
271,351,351,2MASS J03185403-3421292 [de],Fornax,3h 18m 54.03s,−34° 21′ 29.2″,45.0,0.046774812,0.0996801099999999,2008.0,Alhena,0109,2.8,3.3,1291.136064635986
272,352,352,2MASS J03185403-3421292 [de],Fornax,3h 18m 54.03s,−34° 21′ 29.2″,45.0,0.046774812,0.0996801099999999,2008.0,Peacock,0180,5.9,4.8,1291.136064635986
273,353,353,2MASS J03185403-3421292 [de],Fornax,3h 18m 54.03s,−34° 21′ 29.2″,45.0,0.046774812,0.0996801099999999,2008.0,Peacock,0180,5.9,4.8,1291.136064635986
274,354,354,2MASS J03185403-3421292 [de],Fornax,3h 18m 54.03s,−34° 21′ 29.2″,45.0,0.046774812,0.0996801099999999,2008.0,Peacock,0180,5.9,4.8,1291.136064635986
275,355,355,2MASS J03185403-3421292 [de],Fornax,3h 18m 54.03s,−34° 21′ 29.2″,45.0,0.046774812,0.0996801099999999,2008.0,Peacock,0180,5.9,4.8,1291.136064635986
276,356,356,2MASS J03185403-3421292 [de],Fornax,3h 18m 54.03s,−34° 21′ 29.2″,45.0,0.046774812,0.0996801099999999,2008.0,Peacock,0180,5.9,4.8,1291.136064635986
277,357,357,2MASS J03185403-3421292 [de],Fornax,3h 18m 54.03s,−34° 21′ 29.2″,45.0,0.046774812,0.0996801099999999,2008.0,Peacock,0180,5.9,4.8,1291.136064635986
278,358,358,2MASS J03185403-3421292 [de],Fornax,3h 18m 54.03s,−34° 21′ 29.2″,45.0,0.046774812,0.0996801099999999,2008.0,Peacock,0180,5.9,4.8,1291.136064635986
279,359,359,2MASS J03185403-3421292 [de],Fornax,3h 18m 54.03s,−34° 21′ 29.2″,45.0,0.046774812,0.0996801099999999,2008.0,Peacock,0180,5.9,4.8,1291.136064635986
280,360,360,2MASS J03205965+1854233,0,3h 20m 59.65s,18° 54′ 23.3″,47.0,0.084003744,0.1181774499999999,0.0,Alsephina[2],0080,2.4,2.9,1649.7053854867931
281,361,361,2MASS J03205965+1854233,0,3h 20m 59.65s,18° 54′ 23.3″,47.0,0.084003744,0.1181774499999999,0.0,Alsephina[2],0080,2.4,2.9,1649.7053854867931
282,362,362,2MASS J03205965+1854233,0,3h 20m 59.65s,18° 54′ 23.3″,47.0,0.084003744,0.1181774499999999,0.0,Alsephina[2],0080,2.4,2.9,1649.7053854867931
283,363,363,2MASS J03205965+1854233,0,3h 20m 59.65s,18° 54′ 23.3″,47.0,0.084003744,0.1181774499999999,0.0,Alsephina[2],0080,2.4,2.9,1649.7053854867931
284,364,364,2MASS J03205965+1854233,0,3h 20m 59.65s,18° 54′ 23.3″,47.0,0.084003744,0.1181774499999999,0.0,Alsephina[2],0080,2.4,2.9,1649.7053854867931
285,365,365,2MASS J03205965+1854233,0,3h 20m 59.65s,18° 54′ 23.3″,47.0,0.084003744,0.1181774499999999,0.0,Alsephina[2],0080,2.4,2.9,1649.7053854867931
286,366,366,2MASS J03205965+1854233,0,3h 20m 59.65s,18° 54′ 23.3″,47.0,0.084003744,0.1181774499999999,0.0,Alsephina[2],0080,2.4,2.9,1649.7053854867931
287,367,367,2MASS J03205965+1854233,0,3h 20m 59.65s,18° 54′ 23.3″,47.0,0.084003744,0.1181774499999999,0.0,Alsephina[2],0080,2.4,2.9,1649.7053854867931
288,368,368,2MASS J03205965+1854233,0,3h 20m 59.65s,18° 54′ 23.3″,47.0,0.084003744,0.1181774499999999,0.0,Mirzam,0500,13.5,10,1649.7053854867931
289,369,369,2MASS J03205965+1854233,0,3h 20m 59.65s,18° 54′ 23.3″,47.0,0.084003744,0.1181774499999999,0.0,Mirzam,0500,13.5,10,1649.7053854867931
290,370,370,2MASS J03231002-4631237,0,3h 23m 10.02s,−46° 31′ 23.7″,192.0,0.021955524,0.17058658,0.0,Mirzam,0500,13.5,10,206.93362261908166
291,371,371,2MASS J03231002-4631237,0,3h 23m 10.02s,−46° 31′ 23.7″,192.0,0.021955524,0.17058658,0.0,Mirzam,0500,13.5,10,206.93362261908166
292,372,372,2MASS J03231002-4631237,0,3h 23m 10.02s,−46° 31′ 23.7″,192.0,0.021955524,0.17058658,0.0,Mirzam,0500,13.5,10,206.93362261908166
293,373,373,2MASS J03231002-4631237,0,3h 23m 10.02s,−46° 31′ 23.7″,192.0,0.021955524,0.17058658,0.0,Mirzam,0500,13.5,10,206.93362261908166
294,374,374,2MASS J03231002-4631237,0,3h 23m 10.02s,−46° 31′ 23.7″,192.0,0.021955524,0.17058658,0.0,Mirzam,0500,13.5,10,206.93362261908166
295,375,375,2MASS J03231002-4631237,0,3h 23m 10.02s,−46° 31′ 23.7″,192.0,0.021955524,0.17058658,0.0,Mirzam,0500,13.5,10,206.93362261908166
296,376,376,2MASS J03231002-4631237,0,3h 23m 10.02s,−46° 31′ 23.7″,192.0,0.021955524,0.17058658,0.0,Polaris,0430,5.4,39,206.93362261908166
297,377,377,2MASS J03231002-4631237,0,3h 23m 10.02s,−46° 31′ 23.7″,192.0,0.021955524,0.17058658,0.0,Polaris,0430,5.4,39,206.93362261908166
298,378,378,2MASS J03231002-4631237,0,3h 23m 10.02s,−46° 31′ 23.7″,192.0,0.021955524,0.17058658,0.0,Polaris,0430,5.4,39,206.93362261908166
299,379,379,2MASS J03231002-4631237,0,3h 23m 10.02s,−46° 31′ 23.7″,192.0,0.021955524,0.17058658,0.0,Polaris,0430,5.4,39,206.93362261908166
300,380,380,SDSS J032553.17+042540.1,0,3h 25m 53.22s,4° 25′ 40.6″,59.0,0.04295646,0.0976248499999999,0.0,Polaris,0430,5.4,39,1236.18851364622
301,381,381,SDSS J032553.17+042540.1,0,3h 25m 53.22s,4° 25′ 40.6″,59.0,0.04295646,0.0976248499999999,0.0,Polaris,0430,5.4,39,1236.18851364622
302,382,382,SDSS J032553.17+042540.1,0,3h 25m 53.22s,4° 25′ 40.6″,59.0,0.04295646,0.0976248499999999,0.0,Polaris,0430,5.4,39,1236.18851364622
303,383,383,SDSS J032553.17+042540.1,0,3h 25m 53.22s,4° 25′ 40.6″,59.0,0.04295646,0.0976248499999999,0.0,Polaris,0430,5.4,39,1236.18851364622
304,384,384,SDSS J032553.17+042540.1,0,3h 25m 53.22s,4° 25′ 40.6″,59.0,0.04295646,0.0976248499999999,0.0,Alphard,0180,3.0,50,1236.18851364622
305,385,385,SDSS J032553.17+042540.1,0,3h 25m 53.22s,4° 25′ 40.6″,59.0,0.04295646,0.0976248499999999,0.0,Alphard,0180,3.0,50,1236.18851364622
306,386,386,SDSS J032553.17+042540.1,0,3h 25m 53.22s,4° 25′ 40.6″,59.0,0.04295646,0.0976248499999999,0.0,Alphard,0180,3.0,50,1236.18851364622
307,387,387,SDSS J032553.17+042540.1,0,3h 25m 53.22s,4° 25′ 40.6″,59.0,0.04295646,0.0976248499999999,0.0,Alphard,0180,3.0,50,1236.18851364622
308,388,388,SDSS J032553.17+042540.1,0,3h 25m 53.22s,4° 25′ 40.6″,59.0,0.04295646,0.0976248499999999,0.0,Alphard,0180,3.0,50,1236.18851364622
309,389,389,SDSS J032553.17+042540.1,0,3h 25m 53.22s,4° 25′ 40.6″,59.0,0.04295646,0.0976248499999999,0.0,Alphard,0180,3.0,50,1236.18851364622
310,390,390,2MASS J03264225-2102057 [de],Eridanus,3h 26m 42.25s,−21° 2′ 5.7″,80.0,0.017182584,0.1335918999999999,2003.0,Alphard,0180,3.0,50,264.06157007472495
311,391,391,2MASS J03264225-2102057 [de],Eridanus,3h 26m 42.25s,−21° 2′ 5.7″,80.0,0.017182584,0.1335918999999999,2003.0,Alphard,0180,3.0,50,264.06157007472495
312,392,392,2MASS J03264225-2102057 [de],Eridanus,3h 26m 42.25s,−21° 2′ 5.7″,80.0,0.017182584,0.1335918999999999,2003.0,Mintaka,01200,24,16.5,264.06157007472495
313,393,393,2MASS J03264225-2102057 [de],Eridanus,3h 26m 42.25s,−21° 2′ 5.7″,80.0,0.017182584,0.1335918999999999,2003.0,Mintaka,01200,24,16.5,264.06157007472495
314,394,394,2MASS J03264225-2102057 [de],Eridanus,3h 26m 42.25s,−21° 2′ 5.7″,80.0,0.017182584,0.1335918999999999,2003.0,Mintaka,01200,24,16.5,264.06157007472495
315,395,395,2MASS J03264225-2102057 [de],Eridanus,3h 26m 42.25s,−21° 2′ 5.7″,80.0,0.017182584,0.1335918999999999,2003.0,Mintaka,01200,24,16.5,264.06157007472495
316,396,396,2MASS J03264225-2102057 [de],Eridanus,3h 26m 42.25s,−21° 2′ 5.7″,80.0,0.017182584,0.1335918999999999,2003.0,Mintaka,01200,24,16.5,264.06157007472495
317,397,397,2MASS J03264225-2102057 [de],Eridanus,3h 26m 42.25s,−21° 2′ 5.7″,80.0,0.017182584,0.1335918999999999,2003.0,Mintaka,01200,24,16.5,264.06157007472495
318,398,398,2MASS J03264225-2102057 [de],Eridanus,3h 26m 42.25s,−21° 2′ 5.7″,80.0,0.017182584,0.1335918999999999,2003.0,Mintaka,01200,24,16.5,264.06157007472495
319,399,399,2MASS J03264225-2102057 [de],Eridanus,3h 26m 42.25s,−21° 2′ 5.7″,80.0,0.017182584,0.1335918999999999,2003.0,Mintaka,01200,24,16.5,264.06157007472495
320,400,400,2MASS J03284265+2302051 [de],Taurus,3h 28m 42.65s,23° 2′ 5.1″,98.0,0.051547752,0.1007077399999999,2000.0,Scheat,0196,2.1,95,1393.9943359838155
321,401,401,2MASS J03284265+2302051 [de],Taurus,3h 28m 42.65s,23° 2′ 5.1″,98.0,0.051547752,0.1007077399999999,2000.0,Scheat,0196,2.1,95,1393.9943359838155
322,402,402,2MASS J03284265+2302051 [de],Taurus,3h 28m 42.65s,23° 2′ 5.1″,98.0,0.051547752,0.1007077399999999,2000.0,Scheat,0196,2.1,95,1393.9943359838155
323,403,403,2MASS J03284265+2302051 [de],Taurus,3h 28m 42.65s,23° 2′ 5.1″,98.0,0.051547752,0.1007077399999999,2000.0,Scheat,0196,2.1,95,1393.9943359838155
324,404,404,2MASS J03284265+2302051 [de],Taurus,3h 28m 42.65s,23° 2′ 5.1″,98.0,0.051547752,0.1007077399999999,2000.0,Scheat,0196,2.1,95,1393.9943359838155
325,405,405,2MASS J03284265+2302051 [de],Taurus,3h 28m 42.65s,23° 2′ 5.1″,98.0,0.051547752,0.1007077399999999,2000.0,Scheat,0196,2.1,95,1393.9943359838155
326,406,406,2MASS J03284265+2302051 [de],Taurus,3h 28m 42.65s,23° 2′ 5.1″,98.0,0.051547752,0.1007077399999999,2000.0,Scheat,0196,2.1,95,1393.9943359838155
327,407,407,2MASS J03284265+2302051 [de],Taurus,3h 28m 42.65s,23° 2′ 5.1″,98.0,0.051547752,0.1007077399999999,2000.0,Scheat,0196,2.1,95,1393.9943359838155
328,408,408,2MASS J03284265+2302051 [de],Taurus,3h 28m 42.65s,23° 2′ 5.1″,98.0,0.051547752,0.1007077399999999,2000.0,Almaaz,0653,15,140,1393.9943359838155
329,409,409,2MASS J03284265+2302051 [de],Taurus,3h 28m 42.65s,23° 2′ 5.1″,98.0,0.051547752,0.1007077399999999,2000.0,Almaaz,0653,15,140,1393.9943359838155
330,410,410,2MASS J03341218-4953322,0,3h 34m 12.18s,−49° 53′ 32.2″,27.0,0.069684924,0.10687352,0.0,Almaaz,0653,15,140,1673.3068242582376
331,411,411,2MASS J03341218-4953322,0,3h 34m 12.18s,−49° 53′ 32.2″,27.0,0.069684924,0.10687352,0.0,Almaaz,0653,15,140,1673.3068242582376
332,412,412,2MASS J03341218-4953322,0,3h 34m 12.18s,−49° 53′ 32.2″,27.0,0.069684924,0.10687352,0.0,Almaaz,0653,15,140,1673.3068242582376
333,413,413,2MASS J03341218-4953322,0,3h 34m 12.18s,−49° 53′ 32.2″,27.0,0.069684924,0.10687352,0.0,Almaaz,0653,15,140,1673.3068242582376
334,414,414,2MASS J03341218-4953322,0,3h 34m 12.18s,−49° 53′ 32.2″,27.0,0.069684924,0.10687352,0.0,Almaaz,0653,15,140,1673.3068242582376
335,415,415,2MASS J03341218-4953322,0,3h 34m 12.18s,−49° 53′ 32.2″,27.0,0.069684924,0.10687352,0.0,Almaaz,0653,15,140,1673.3068242582376
336,416,416,2MASS J03341218-4953322,0,3h 34m 12.18s,−49° 53′ 32.2″,27.0,0.069684924,0.10687352,0.0,Rasalgethi,0360,2.8,280,1673.3068242582376
337,417,417,2MASS J03341218-4953322,0,3h 34m 12.18s,−49° 53′ 32.2″,27.0,0.069684924,0.10687352,0.0,Rasalgethi,0360,2.8,280,1673.3068242582376
338,418,418,2MASS J03341218-4953322,0,3h 34m 12.18s,−49° 53′ 32.2″,27.0,0.069684924,0.10687352,0.0,Rasalgethi,0360,2.8,280,1673.3068242582376
339,419,419,2MASS J03341218-4953322,0,3h 34m 12.18s,−49° 53′ 32.2″,27.0,0.069684924,0.10687352,0.0,Rasalgethi,0360,2.8,280,1673.3068242582376
340,420,420,LP 944-20,Fornax,3h 39m 35.22s,−35° 25′ 44″,20.9,0.069684924,0.1469510899999999,0.0,Rasalgethi,0360,2.8,280,885.0548491944406
341,421,421,LP 944-20,Fornax,3h 39m 35.22s,−35° 25′ 44″,20.9,0.069684924,0.1469510899999999,0.0,Rasalgethi,0360,2.8,280,885.0548491944406
342,422,422,LP 944-20,Fornax,3h 39m 35.22s,−35° 25′ 44″,20.9,0.069684924,0.1469510899999999,0.0,Rasalgethi,0360,2.8,280,885.0548491944406
343,423,423,LP 944-20,Fornax,3h 39m 35.22s,−35° 25′ 44″,20.9,0.069684924,0.1469510899999999,0.0,Rasalgethi,0360,2.8,280,885.0548491944406
344,424,424,LP 944-20,Fornax,3h 39m 35.22s,−35° 25′ 44″,20.9,0.069684924,0.1469510899999999,0.0,Tau Ceti,011.9,0.783,0.893,885.0548491944406
345,425,425,LP 944-20,Fornax,3h 39m 35.22s,−35° 25′ 44″,20.9,0.069684924,0.1469510899999999,0.0,Tau Ceti,011.9,0.783,0.893,885.0548491944406
346,426,426,LP 944-20,Fornax,3h 39m 35.22s,−35° 25′ 44″,20.9,0.069684924,0.1469510899999999,0.0,Tau Ceti,011.9,0.783,0.893,885.0548491944406
347,427,427,LP 944-20,Fornax,3h 39m 35.22s,−35° 25′ 44″,20.9,0.069684924,0.1469510899999999,0.0,Tau Ceti,011.9,0.783,0.893,885.0548491944406
348,428,428,LP 944-20,Fornax,3h 39m 35.22s,−35° 25′ 44″,20.9,0.069684924,0.1469510899999999,0.0,Tau Ceti,011.9,0.783,0.893,885.0548491944406
349,429,429,LP 944-20,Fornax,3h 39m 35.22s,−35° 25′ 44″,20.9,0.069684924,0.1469510899999999,0.0,Tau Ceti,011.9,0.783,0.893,885.0548491944406
350,430,430,2MASP J0345432+254023,0,3h 45m 43.16s,25° 40′ 23.3″,88.0,0.070639512,0.10790115,1997.0,Tau Ceti,011.9,0.783,0.893,1664.073567827919
351,431,431,2MASP J0345432+254023,0,3h 45m 43.16s,25° 40′ 23.3″,88.0,0.070639512,0.10790115,1997.0,Tau Ceti,011.9,0.783,0.893,1664.073567827919
352,432,432,2MASP J0345432+254023,0,3h 45m 43.16s,25° 40′ 23.3″,88.0,0.070639512,0.10790115,1997.0,Delta Pavonis,019.92,0.991,1.22,1664.073567827919
353,433,433,2MASP J0345432+254023,0,3h 45m 43.16s,25° 40′ 23.3″,88.0,0.070639512,0.10790115,1997.0,Delta Pavonis,019.92,0.991,1.22,1664.073567827919
354,434,434,2MASP J0345432+254023,0,3h 45m 43.16s,25° 40′ 23.3″,88.0,0.070639512,0.10790115,1997.0,Delta Pavonis,019.92,0.991,1.22,1664.073567827919
355,435,435,2MASP J0345432+254023,0,3h 45m 43.16s,25° 40′ 23.3″,88.0,0.070639512,0.10790115,1997.0,Delta Pavonis,019.92,0.991,1.22,1664.073567827919
356,436,436,2MASP J0345432+254023,0,3h 45m 43.16s,25° 40′ 23.3″,88.0,0.070639512,0.10790115,1997.0,Delta Pavonis,019.92,0.991,1.22,1664.073567827919
357,437,437,2MASP J0345432+254023,0,3h 45m 43.16s,25° 40′ 23.3″,88.0,0.070639512,0.10790115,1997.0,Delta Pavonis,019.92,0.991,1.22,1664.073567827919
358,438,438,2MASP J0345432+254023,0,3h 45m 43.16s,25° 40′ 23.3″,88.0,0.070639512,0.10790115,1997.0,Delta Pavonis,019.92,0.991,1.22,1664.073567827919
359,439,439,2MASP J0345432+254023,0,3h 45m 43.16s,25° 40′ 23.3″,88.0,0.070639512,0.10790115,1997.0,Delta Pavonis,019.92,0.991,1.22,1664.073567827919
360,440,440,Teide 1,Taurus,3h 47m 18s,+24° 22′ 31″,380.0,0.05250234,0.3884441399999999,1995.0,Ran,010.48,0.82,0.74,95.4329811379459
361,441,441,Teide 1,Taurus,3h 47m 18s,+24° 22′ 31″,380.0,0.05250234,0.3884441399999999,1995.0,Ran,010.48,0.82,0.74,95.4329811379459
362,442,442,Teide 1,Taurus,3h 47m 18s,+24° 22′ 31″,380.0,0.05250234,0.3884441399999999,1995.0,Ran,010.48,0.82,0.74,95.4329811379459
363,443,443,Teide 1,Taurus,3h 47m 18s,+24° 22′ 31″,380.0,0.05250234,0.3884441399999999,1995.0,Ran,010.48,0.82,0.74,95.4329811379459
364,444,444,Teide 1,Taurus,3h 47m 18s,+24° 22′ 31″,380.0,0.05250234,0.3884441399999999,1995.0,Ran,010.48,0.82,0.74,95.4329811379459
365,445,445,Teide 1,Taurus,3h 47m 18s,+24° 22′ 31″,380.0,0.05250234,0.3884441399999999,1995.0,Ran,010.48,0.82,0.74,95.4329811379459
366,446,446,Teide 1,Taurus,3h 47m 18s,+24° 22′ 31″,380.0,0.05250234,0.3884441399999999,1995.0,Ran,010.48,0.82,0.74,95.4329811379459
367,447,447,Teide 1,Taurus,3h 47m 18s,+24° 22′ 31″,380.0,0.05250234,0.3884441399999999,1995.0,Ran,010.48,0.82,0.74,95.4329811379459
368,448,448,Teide 1,Taurus,3h 47m 18s,+24° 22′ 31″,380.0,0.05250234,0.3884441399999999,1995.0,V382 Carinae,"08,900",20,485,95.4329811379459
369,449,449,Teide 1,Taurus,3h 47m 18s,+24° 22′ 31″,380.0,0.05250234,0.3884441399999999,1995.0,V382 Carinae,"08,900",20,485,95.4329811379459
370,450,450,2MASS J03510004-0052452,0,3h 51m 0.04s,−0° 52′ 45.2″,48.0,0.097367976,0.1305090099999999,0.0,V382 Carinae,"08,900",20,485,1567.877510126036
371,451,451,2MASS J03510004-0052452,0,3h 51m 0.04s,−0° 52′ 45.2″,48.0,0.097367976,0.1305090099999999,0.0,V382 Carinae,"08,900",20,485,1567.877510126036
372,452,452,2MASS J03510004-0052452,0,3h 51m 0.04s,−0° 52′ 45.2″,48.0,0.097367976,0.1305090099999999,0.0,V382 Carinae,"08,900",20,485,1567.877510126036
373,453,453,2MASS J03510004-0052452,0,3h 51m 0.04s,−0° 52′ 45.2″,48.0,0.097367976,0.1305090099999999,0.0,V382 Carinae,"08,900",20,485,1567.877510126036
374,454,454,2MASS J03510004-0052452,0,3h 51m 0.04s,−0° 52′ 45.2″,48.0,0.097367976,0.1305090099999999,0.0,V382 Carinae,"08,900",20,485,1567.877510126036
375,455,455,2MASS J03510004-0052452,0,3h 51m 0.04s,−0° 52′ 45.2″,48.0,0.097367976,0.1305090099999999,0.0,V382 Carinae,"08,900",20,485,1567.877510126036
376,456,456,2MASS J03510004-0052452,0,3h 51m 0.04s,−0° 52′ 45.2″,48.0,0.097367976,0.1305090099999999,0.0,Eta Carinae,"07,500",100,60 - 881,1567.877510126036
377,457,457,2MASS J03510004-0052452,0,3h 51m 0.04s,−0° 52′ 45.2″,48.0,0.097367976,0.1305090099999999,0.0,Eta Carinae,"07,500",100,60 - 881,1567.877510126036
378,458,458,2MASS J03510004-0052452,0,3h 51m 0.04s,−0° 52′ 45.2″,48.0,0.097367976,0.1305090099999999,0.0,Eta Carinae,"07,500",100,60 - 881,1567.877510126036
379,459,459,2MASS J03510004-0052452,0,3h 51m 0.04s,−0° 52′ 45.2″,48.0,0.097367976,0.1305090099999999,0.0,Eta Carinae,"07,500",100,60 - 881,1567.877510126036
380,460,460,2MASS J03552337+1133437,Taurus,3h 55m 23.37s,11° 33′ 43.7″,29.8,0.01909176,0.13564716,2006.0,Eta Carinae,"07,500",100,60 - 881,284.5781383444831
381,461,461,2MASS J03552337+1133437,Taurus,3h 55m 23.37s,11° 33′ 43.7″,29.8,0.01909176,0.13564716,2006.0,Eta Carinae,"07,500",100,60 - 881,284.5781383444831
382,462,462,2MASS J03552337+1133437,Taurus,3h 55m 23.37s,11° 33′ 43.7″,29.8,0.01909176,0.13564716,2006.0,Eta Carinae,"07,500",100,60 - 881,284.5781383444831
383,463,463,2MASS J03552337+1133437,Taurus,3h 55m 23.37s,11° 33′ 43.7″,29.8,0.01909176,0.13564716,2006.0,Eta Carinae,"07,500",100,60 - 881,284.5781383444831
384,464,464,2MASS J03552337+1133437,Taurus,3h 55m 23.37s,11° 33′ 43.7″,29.8,0.01909176,0.13564716,2006.0,Delta Cephei,0887,4.5,44.5,284.5781383444831
385,465,465,2MASS J03552337+1133437,Taurus,3h 55m 23.37s,11° 33′ 43.7″,29.8,0.01909176,0.13564716,2006.0,Delta Cephei,0887,4.5,44.5,284.5781383444831
386,466,466,2MASS J03552337+1133437,Taurus,3h 55m 23.37s,11° 33′ 43.7″,29.8,0.01909176,0.13564716,2006.0,Delta Cephei,0887,4.5,44.5,284.5781383444831
387,467,467,2MASS J03552337+1133437,Taurus,3h 55m 23.37s,11° 33′ 43.7″,29.8,0.01909176,0.13564716,2006.0,Delta Cephei,0887,4.5,44.5,284.5781383444831
388,468,468,2MASS J03552337+1133437,Taurus,3h 55m 23.37s,11° 33′ 43.7″,29.8,0.01909176,0.13564716,2006.0,Delta Cephei,0887,4.5,44.5,284.5781383444831
389,469,469,2MASS J03552337+1133437,Taurus,3h 55m 23.37s,11° 33′ 43.7″,29.8,0.01909176,0.13564716,2006.0,Delta Cephei,0887,4.5,44.5,284.5781383444831
390,480,480,2MASS J04151954−0935066,Eridanus,4h 15m 19.54s,−9° 35′ 6.6″,18.6,0.02863764,0.0976248499999999,2002.0,Titawin,044.25,1.27,1.48,824.1256757641465
391,481,481,2MASS J04151954−0935066,Eridanus,4h 15m 19.54s,−9° 35′ 6.6″,18.6,0.02863764,0.0976248499999999,2002.0,Titawin,044.25,1.27,1.48,824.1256757641465
392,482,482,2MASS J04151954−0935066,Eridanus,4h 15m 19.54s,−9° 35′ 6.6″,18.6,0.02863764,0.0976248499999999,2002.0,Titawin,044.25,1.27,1.48,824.1256757641465
393,483,483,2MASS J04151954−0935066,Eridanus,4h 15m 19.54s,−9° 35′ 6.6″,18.6,0.02863764,0.0976248499999999,2002.0,Titawin,044.25,1.27,1.48,824.1256757641465
394,484,484,2MASS J04151954−0935066,Eridanus,4h 15m 19.54s,−9° 35′ 6.6″,18.6,0.02863764,0.0976248499999999,2002.0,Titawin,044.25,1.27,1.48,824.1256757641465
395,485,485,2MASS J04151954−0935066,Eridanus,4h 15m 19.54s,−9° 35′ 6.6″,18.6,0.02863764,0.0976248499999999,2002.0,Titawin,044.25,1.27,1.48,824.1256757641465
396,486,486,2MASS J04151954−0935066,Eridanus,4h 15m 19.54s,−9° 35′ 6.6″,18.6,0.02863764,0.0976248499999999,2002.0,Titawin,044.25,1.27,1.48,824.1256757641465
397,487,487,2MASS J04151954−0935066,Eridanus,4h 15m 19.54s,−9° 35′ 6.6″,18.6,0.02863764,0.0976248499999999,2002.0,Titawin,044.25,1.27,1.48,824.1256757641465
398,488,488,2MASS J04151954−0935066,Eridanus,4h 15m 19.54s,−9° 35′ 6.6″,18.6,0.02863764,0.0976248499999999,2002.0,Rho Cassiopeiae,"08,154",22,636-981,824.1256757641465
399,489,489,2MASS J04151954−0935066,Eridanus,4h 15m 19.54s,−9° 35′ 6.6″,18.6,0.02863764,0.0976248499999999,2002.0,Rho Cassiopeiae,"08,154",22,636-981,824.1256757641465
400,500,500,2MASS J04285096-2253227 [de],Eridanus,4h 28m 50.96s,−22° 53′ 22.7″,85.0,0.07636704,0.11201167,2003.0,P Cygni,"05,545",30,76,1669.384557701969
401,501,501,2MASS J04285096-2253227 [de],Eridanus,4h 28m 50.96s,−22° 53′ 22.7″,85.0,0.07636704,0.11201167,2003.0,P Cygni,"05,545",30,76,1669.384557701969
402,502,502,2MASS J04285096-2253227 [de],Eridanus,4h 28m 50.96s,−22° 53′ 22.7″,85.0,0.07636704,0.11201167,2003.0,P Cygni,"05,545",30,76,1669.384557701969
403,503,503,2MASS J04285096-2253227 [de],Eridanus,4h 28m 50.96s,−22° 53′ 22.7″,85.0,0.07636704,0.11201167,2003.0,P Cygni,"05,545",30,76,1669.384557701969
404,504,504,2MASS J04285096-2253227 [de],Eridanus,4h 28m 50.96s,−22° 53′ 22.7″,85.0,0.07636704,0.11201167,2003.0,La Superba,"01,000",,129 - 342,1669.384557701969
405,505,505,2MASS J04285096-2253227 [de],Eridanus,4h 28m 50.96s,−22° 53′ 22.7″,85.0,0.07636704,0.11201167,2003.0,La Superba,"01,000",,129 - 342,1669.384557701969
406,506,506,2MASS J04285096-2253227 [de],Eridanus,4h 28m 50.96s,−22° 53′ 22.7″,85.0,0.07636704,0.11201167,2003.0,La Superba,"01,000",,129 - 342,1669.384557701969
407,507,507,2MASS J04285096-2253227 [de],Eridanus,4h 28m 50.96s,−22° 53′ 22.7″,85.0,0.07636704,0.11201167,2003.0,La Superba,"01,000",,129 - 342,1669.384557701969
408,508,508,2MASS J04285096-2253227 [de],Eridanus,4h 28m 50.96s,−22° 53′ 22.7″,85.0,0.07636704,0.11201167,2003.0,La Superba,"01,000",,129 - 342,1669.384557701969
409,509,509,2MASS J04285096-2253227 [de],Eridanus,4h 28m 50.96s,−22° 53′ 22.7″,85.0,0.07636704,0.11201167,2003.0,La Superba,"01,000",,129 - 342,1669.384557701969
410,510,510,2MASS J04351612-1606574,0,4h 35m 16.13s,−16° 6′ 57.5″,34.0,0.0954588,0.1294813799999999,0.0,La Superba,"01,000",,129 - 342,1561.630600439116
411,511,511,2MASS J04351612-1606574,0,4h 35m 16.13s,−16° 6′ 57.5″,34.0,0.0954588,0.1294813799999999,0.0,La Superba,"01,000",,129 - 342,1561.630600439116
412,512,512,2MASS J04351612-1606574,0,4h 35m 16.13s,−16° 6′ 57.5″,34.0,0.0954588,0.1294813799999999,0.0,VV Cephei,"04,900",18.2,"516 - 1,050",1561.630600439116
413,513,513,2MASS J04351612-1606574,0,4h 35m 16.13s,−16° 6′ 57.5″,34.0,0.0954588,0.1294813799999999,0.0,VV Cephei,"04,900",18.2,"516 - 1,050",1561.630600439116
414,514,514,2MASS J04351612-1606574,0,4h 35m 16.13s,−16° 6′ 57.5″,34.0,0.0954588,0.1294813799999999,0.0,VV Cephei,"04,900",18.2,"516 - 1,050",1561.630600439116
415,515,515,2MASS J04351612-1606574,0,4h 35m 16.13s,−16° 6′ 57.5″,34.0,0.0954588,0.1294813799999999,0.0,VV Cephei,"04,900",18.2,"516 - 1,050",1561.630600439116
416,516,516,2MASS J04351612-1606574,0,4h 35m 16.13s,−16° 6′ 57.5″,34.0,0.0954588,0.1294813799999999,0.0,VV Cephei,"04,900",18.2,"516 - 1,050",1561.630600439116
417,517,517,2MASS J04351612-1606574,0,4h 35m 16.13s,−16° 6′ 57.5″,34.0,0.0954588,0.1294813799999999,0.0,VV Cephei,"04,900",18.2,"516 - 1,050",1561.630600439116
418,518,518,2MASS J04351612-1606574,0,4h 35m 16.13s,−16° 6′ 57.5″,34.0,0.0954588,0.1294813799999999,0.0,VV Cephei,"04,900",18.2,"516 - 1,050",1561.630600439116
419,519,519,2MASS J04351612-1606574,0,4h 35m 16.13s,−16° 6′ 57.5″,34.0,0.0954588,0.1294813799999999,0.0,VV Cephei,"04,900",18.2,"516 - 1,050",1561.630600439116
420,520,520,2MASS J04362788-4114465,0,4h 36m 27.88s,−41° 14′ 46.5″,142.0,0.037228932,0.2024431099999999,0.0,61 Cygni,011.41,0.7,0.665,249.1446440491341
421,521,521,2MASS J04362788-4114465,0,4h 36m 27.88s,−41° 14′ 46.5″,142.0,0.037228932,0.2024431099999999,0.0,61 Cygni,011.41,0.7,0.665,249.1446440491341
422,522,522,2MASS J04362788-4114465,0,4h 36m 27.88s,−41° 14′ 46.5″,142.0,0.037228932,0.2024431099999999,0.0,61 Cygni,011.41,0.7,0.665,249.1446440491341
423,523,523,2MASS J04362788-4114465,0,4h 36m 27.88s,−41° 14′ 46.5″,142.0,0.037228932,0.2024431099999999,0.0,61 Cygni,011.41,0.7,0.665,249.1446440491341
424,524,524,2MASS J04362788-4114465,0,4h 36m 27.88s,−41° 14′ 46.5″,142.0,0.037228932,0.2024431099999999,0.0,61 Cygni,011.41,0.7,0.665,249.1446440491341
425,525,525,2MASS J04362788-4114465,0,4h 36m 27.88s,−41° 14′ 46.5″,142.0,0.037228932,0.2024431099999999,0.0,61 Cygni,011.41,0.7,0.665,249.1446440491341
426,526,526,2MASS J04362788-4114465,0,4h 36m 27.88s,−41° 14′ 46.5″,142.0,0.037228932,0.2024431099999999,0.0,61 Cygni,011.41,0.7,0.665,249.1446440491341
427,527,527,2MASS J04362788-4114465,0,4h 36m 27.88s,−41° 14′ 46.5″,142.0,0.037228932,0.2024431099999999,0.0,61 Cygni,011.41,0.7,0.665,249.1446440491341
428,528,528,2MASS J04362788-4114465,0,4h 36m 27.88s,−41° 14′ 46.5″,142.0,0.037228932,0.2024431099999999,0.0,R Doradus,0178,0.7 - 1.0,298,249.1446440491341
429,529,529,2MASS J04362788-4114465,0,4h 36m 27.88s,−41° 14′ 46.5″,142.0,0.037228932,0.2024431099999999,0.0,R Doradus,0178,0.7 - 1.0,298,249.1446440491341
430,530,530,2MASS J04390101-2353083 [de],Eridanus,4h 39m 1.01s,−23° 53′ 8.3″,29.5,0.045820224,0.0996801099999999,2003.0,R Doradus,0178,0.7 - 1.0,298,1264.7863490311697
431,531,531,2MASS J04390101-2353083 [de],Eridanus,4h 39m 1.01s,−23° 53′ 8.3″,29.5,0.045820224,0.0996801099999999,2003.0,R Doradus,0178,0.7 - 1.0,298,1264.7863490311697
432,532,532,2MASS J04390101-2353083 [de],Eridanus,4h 39m 1.01s,−23° 53′ 8.3″,29.5,0.045820224,0.0996801099999999,2003.0,R Doradus,0178,0.7 - 1.0,298,1264.7863490311697
433,533,533,2MASS J04390101-2353083 [de],Eridanus,4h 39m 1.01s,−23° 53′ 8.3″,29.5,0.045820224,0.0996801099999999,2003.0,R Doradus,0178,0.7 - 1.0,298,1264.7863490311697
434,534,534,2MASS J04390101-2353083 [de],Eridanus,4h 39m 1.01s,−23° 53′ 8.3″,29.5,0.045820224,0.0996801099999999,2003.0,R Doradus,0178,0.7 - 1.0,298,1264.7863490311697
435,535,535,2MASS J04390101-2353083 [de],Eridanus,4h 39m 1.01s,−23° 53′ 8.3″,29.5,0.045820224,0.0996801099999999,2003.0,R Doradus,0178,0.7 - 1.0,298,1264.7863490311697
436,536,536,2MASS J04390101-2353083 [de],Eridanus,4h 39m 1.01s,−23° 53′ 8.3″,29.5,0.045820224,0.0996801099999999,2003.0,Polaris Australis,0281,1.59,3.74,1264.7863490311697
437,537,537,2MASS J04390101-2353083 [de],Eridanus,4h 39m 1.01s,−23° 53′ 8.3″,29.5,0.045820224,0.0996801099999999,2003.0,Polaris Australis,0281,1.59,3.74,1264.7863490311697
438,538,538,2MASS J04390101-2353083 [de],Eridanus,4h 39m 1.01s,−23° 53′ 8.3″,29.5,0.045820224,0.0996801099999999,2003.0,Polaris Australis,0281,1.59,3.74,1264.7863490311697
439,539,539,2MASS J04390101-2353083 [de],Eridanus,4h 39m 1.01s,−23° 53′ 8.3″,29.5,0.045820224,0.0996801099999999,2003.0,Polaris Australis,0281,1.59,3.74,1264.7863490311697
440,540,540,2MASS J04414489+2301513,0,4h 41m 44.9s,23° 1′ 58.07″,470.0,0.018137172,0.0,2010.0,Polaris Australis,0281,1.59,3.74,0.0
441,541,541,2MASS J04414489+2301513,0,4h 41m 44.9s,23° 1′ 58.07″,470.0,0.018137172,0.0,2010.0,Polaris Australis,0281,1.59,3.74,0.0
442,542,542,2MASS J04414489+2301513,0,4h 41m 44.9s,23° 1′ 58.07″,470.0,0.018137172,0.0,2010.0,Polaris Australis,0281,1.59,3.74,0.0
443,543,543,2MASS J04414489+2301513,0,4h 41m 44.9s,23° 1′ 58.07″,470.0,0.018137172,0.0,2010.0,Polaris Australis,0281,1.59,3.74,0.0
444,544,544,2MASS J04414489+2301513,0,4h 41m 44.9s,23° 1′ 58.07″,470.0,0.018137172,0.0,2010.0,R Coronae Borealis,"04,566",0.85,85,0.0
445,545,545,2MASS J04414489+2301513,0,4h 41m 44.9s,23° 1′ 58.07″,470.0,0.018137172,0.0,2010.0,R Coronae Borealis,"04,566",0.85,85,0.0
446,546,546,2MASS J04414489+2301513,0,4h 41m 44.9s,23° 1′ 58.07″,470.0,0.018137172,0.0,2010.0,R Coronae Borealis,"04,566",0.85,85,0.0
447,547,547,2MASS J04414489+2301513,0,4h 41m 44.9s,23° 1′ 58.07″,470.0,0.018137172,0.0,2010.0,R Coronae Borealis,"04,566",0.85,85,0.0
448,548,548,2MASS J04414489+2301513,0,4h 41m 44.9s,23° 1′ 58.07″,470.0,0.018137172,0.0,2010.0,R Coronae Borealis,"04,566",0.85,85,0.0
449,549,549,2MASS J04414489+2301513,0,4h 41m 44.9s,23° 1′ 58.07″,470.0,0.018137172,0.0,2010.0,R Coronae Borealis,"04,566",0.85,85,0.0
450,550,550,2MASS J04433764+0002040,0,4h 43m 37.61s,−0° 2′ 5.1″,82.0,0.021000936,0.1829181399999999,0.0,R Coronae Borealis,"04,566",0.85,85,172.14803783504945
451,551,551,2MASS J04433764+0002040,0,4h 43m 37.61s,−0° 2′ 5.1″,82.0,0.021000936,0.1829181399999999,0.0,R Coronae Borealis,"04,566",0.85,85,172.14803783504945
452,552,552,2MASS J04433764+0002040,0,4h 43m 37.61s,−0° 2′ 5.1″,82.0,0.021000936,0.1829181399999999,0.0,54 Piscium,036.1,0.76,0.94,172.14803783504945
453,553,553,2MASS J04433764+0002040,0,4h 43m 37.61s,−0° 2′ 5.1″,82.0,0.021000936,0.1829181399999999,0.0,54 Piscium,036.1,0.76,0.94,172.14803783504945
454,554,554,2MASS J04433764+0002040,0,4h 43m 37.61s,−0° 2′ 5.1″,82.0,0.021000936,0.1829181399999999,0.0,54 Piscium,036.1,0.76,0.94,172.14803783504945
455,555,555,2MASS J04433764+0002040,0,4h 43m 37.61s,−0° 2′ 5.1″,82.0,0.021000936,0.1829181399999999,0.0,54 Piscium,036.1,0.76,0.94,172.14803783504945
456,556,556,2MASS J04433764+0002040,0,4h 43m 37.61s,−0° 2′ 5.1″,82.0,0.021000936,0.1829181399999999,0.0,54 Piscium,036.1,0.76,0.94,172.14803783504945
457,557,557,2MASS J04433764+0002040,0,4h 43m 37.61s,−0° 2′ 5.1″,82.0,0.021000936,0.1829181399999999,0.0,54 Piscium,036.1,0.76,0.94,172.14803783504945
458,558,558,2MASS J04433764+0002040,0,4h 43m 37.61s,−0° 2′ 5.1″,82.0,0.021000936,0.1829181399999999,0.0,54 Piscium,036.1,0.76,0.94,172.14803783504945
459,559,559,2MASS J04433764+0002040,0,4h 43m 37.61s,−0° 2′ 5.1″,82.0,0.021000936,0.1829181399999999,0.0,54 Piscium,036.1,0.76,0.94,172.14803783504945
460,560,560,2MASS J04455387-3048204 [de],Caelum,4h 45m 53.87s,−30° 48′ 20.4″,42.0,0.061093632,0.102763,2003.0,Mira,0300,1.2,370,1586.7166344045677
461,561,561,2MASS J04455387-3048204 [de],Caelum,4h 45m 53.87s,−30° 48′ 20.4″,42.0,0.061093632,0.102763,2003.0,Mira,0300,1.2,370,1586.7166344045677
462,562,562,2MASS J04455387-3048204 [de],Caelum,4h 45m 53.87s,−30° 48′ 20.4″,42.0,0.061093632,0.102763,2003.0,Mira,0300,1.2,370,1586.7166344045677
463,563,563,2MASS J04455387-3048204 [de],Caelum,4h 45m 53.87s,−30° 48′ 20.4″,42.0,0.061093632,0.102763,2003.0,Mira,0300,1.2,370,1586.7166344045677
464,564,564,2MASS J04455387-3048204 [de],Caelum,4h 45m 53.87s,−30° 48′ 20.4″,42.0,0.061093632,0.102763,2003.0,Mira,0300,1.2,370,1586.7166344045677
465,565,565,2MASS J04455387-3048204 [de],Caelum,4h 45m 53.87s,−30° 48′ 20.4″,42.0,0.061093632,0.102763,2003.0,Mira,0300,1.2,370,1586.7166344045677
466,566,566,2MASS J04455387-3048204 [de],Caelum,4h 45m 53.87s,−30° 48′ 20.4″,42.0,0.061093632,0.102763,2003.0,Mira,0300,1.2,370,1586.7166344045677
467,567,567,2MASS J04455387-3048204 [de],Caelum,4h 45m 53.87s,−30° 48′ 20.4″,42.0,0.061093632,0.102763,2003.0,Mira,0300,1.2,370,1586.7166344045677
468,568,568,2MASS J04455387-3048204 [de],Caelum,4h 45m 53.87s,−30° 48′ 20.4″,42.0,0.061093632,0.102763,2003.0,RW Cephei,"014,000",13.9,"1,158",1586.7166344045677
469,569,569,2MASS J04455387-3048204 [de],Caelum,4h 45m 53.87s,−30° 48′ 20.4″,42.0,0.061093632,0.102763,2003.0,RW Cephei,"014,000",13.9,"1,158",1586.7166344045677
470,570,570,2MASS J04510093-3402150 [de],Caelum,4h 51m 0.93s,−34° 2′ 15″,69.0,0.068730336,0.10687352,2003.0,RW Cephei,"014,000",13.9,"1,158",1650.3848129670291
471,571,571,2MASS J04510093-3402150 [de],Caelum,4h 51m 0.93s,−34° 2′ 15″,69.0,0.068730336,0.10687352,2003.0,RW Cephei,"014,000",13.9,"1,158",1650.3848129670291
472,572,572,2MASS J04510093-3402150 [de],Caelum,4h 51m 0.93s,−34° 2′ 15″,69.0,0.068730336,0.10687352,2003.0,RW Cephei,"014,000",13.9,"1,158",1650.3848129670291
473,573,573,2MASS J04510093-3402150 [de],Caelum,4h 51m 0.93s,−34° 2′ 15″,69.0,0.068730336,0.10687352,2003.0,RW Cephei,"014,000",13.9,"1,158",1650.3848129670291
474,574,574,2MASS J04510093-3402150 [de],Caelum,4h 51m 0.93s,−34° 2′ 15″,69.0,0.068730336,0.10687352,2003.0,RW Cephei,"014,000",13.9,"1,158",1650.3848129670291
475,575,575,2MASS J04510093-3402150 [de],Caelum,4h 51m 0.93s,−34° 2′ 15″,69.0,0.068730336,0.10687352,2003.0,RW Cephei,"014,000",13.9,"1,158",1650.3848129670291
476,576,576,2MASS J04510093-3402150 [de],Caelum,4h 51m 0.93s,−34° 2′ 15″,69.0,0.068730336,0.10687352,2003.0,Lacaille 8760,012.87,0.6,0.51,1650.3848129670291
477,577,577,2MASS J04510093-3402150 [de],Caelum,4h 51m 0.93s,−34° 2′ 15″,69.0,0.068730336,0.10687352,2003.0,Lacaille 8760,012.87,0.6,0.51,1650.3848129670291
478,578,578,2MASS J04510093-3402150 [de],Caelum,4h 51m 0.93s,−34° 2′ 15″,69.0,0.068730336,0.10687352,2003.0,Lacaille 8760,012.87,0.6,0.51,1650.3848129670291
479,579,579,2MASS J04510093-3402150 [de],Caelum,4h 51m 0.93s,−34° 2′ 15″,69.0,0.068730336,0.10687352,2003.0,Lacaille 8760,012.87,0.6,0.51,1650.3848129670291
480,580,580,2MASS J05002100+0330501 [de],Orion,5h 0m 21s,3° 30′ 50.1″,44.0,0.061093632,0.102763,2008.0,Lacaille 8760,012.87,0.6,0.51,1586.7166344045677
481,581,581,2MASS J05002100+0330501 [de],Orion,5h 0m 21s,3° 30′ 50.1″,44.0,0.061093632,0.102763,2008.0,Lacaille 8760,012.87,0.6,0.51,1586.7166344045677
482,582,582,2MASS J05002100+0330501 [de],Orion,5h 0m 21s,3° 30′ 50.1″,44.0,0.061093632,0.102763,2008.0,Lacaille 8760,012.87,0.6,0.51,1586.7166344045677
483,583,583,2MASS J05002100+0330501 [de],Orion,5h 0m 21s,3° 30′ 50.1″,44.0,0.061093632,0.102763,2008.0,Lacaille 8760,012.87,0.6,0.51,1586.7166344045677
484,584,584,2MASS J05002100+0330501 [de],Orion,5h 0m 21s,3° 30′ 50.1″,44.0,0.061093632,0.102763,2008.0,V838 Monocerotis,"019,896",,380 - 750,1586.7166344045677
485,585,585,2MASS J05002100+0330501 [de],Orion,5h 0m 21s,3° 30′ 50.1″,44.0,0.061093632,0.102763,2008.0,V838 Monocerotis,"019,896",,380 - 750,1586.7166344045677
486,586,586,2MASS J05002100+0330501 [de],Orion,5h 0m 21s,3° 30′ 50.1″,44.0,0.061093632,0.102763,2008.0,V838 Monocerotis,"019,896",,380 - 750,1586.7166344045677
487,587,587,2MASS J05002100+0330501 [de],Orion,5h 0m 21s,3° 30′ 50.1″,44.0,0.061093632,0.102763,2008.0,V838 Monocerotis,"019,896",,380 - 750,1586.7166344045677
488,588,588,2MASS J05002100+0330501 [de],Orion,5h 0m 21s,3° 30′ 50.1″,44.0,0.061093632,0.102763,2008.0,V838 Monocerotis,"019,896",,380 - 750,1586.7166344045677
489,589,589,2MASS J05002100+0330501 [de],Orion,5h 0m 21s,3° 30′ 50.1″,44.0,0.061093632,0.102763,2008.0,V838 Monocerotis,"019,896",,380 - 750,1586.7166344045677
490,590,590,2MASS J05012406-0010452 [de],Orion,5h 1m 24.06s,−0° 10′ 45.2″,64.0,0.020046348,0.1418129399999999,2008.0,V838 Monocerotis,"019,896",,380 - 750,273.3886765721484
491,591,591,2MASS J05012406-0010452 [de],Orion,5h 1m 24.06s,−0° 10′ 45.2″,64.0,0.020046348,0.1418129399999999,2008.0,V838 Monocerotis,"019,896",,380 - 750,273.3886765721484
492,592,592,2MASS J05012406-0010452 [de],Orion,5h 1m 24.06s,−0° 10′ 45.2″,64.0,0.020046348,0.1418129399999999,2008.0,HD 140283,0202,0.81,2.04,273.3886765721484
493,593,593,2MASS J05012406-0010452 [de],Orion,5h 1m 24.06s,−0° 10′ 45.2″,64.0,0.020046348,0.1418129399999999,2008.0,HD 140283,0202,0.81,2.04,273.3886765721484
494,594,594,2MASS J05012406-0010452 [de],Orion,5h 1m 24.06s,−0° 10′ 45.2″,64.0,0.020046348,0.1418129399999999,2008.0,HD 140283,0202,0.81,2.04,273.3886765721484
495,595,595,2MASS J05012406-0010452 [de],Orion,5h 1m 24.06s,−0° 10′ 45.2″,64.0,0.020046348,0.1418129399999999,2008.0,HD 140283,0202,0.81,2.04,273.3886765721484
496,596,596,2MASS J05012406-0010452 [de],Orion,5h 1m 24.06s,−0° 10′ 45.2″,64.0,0.020046348,0.1418129399999999,2008.0,HD 140283,0202,0.81,2.04,273.3886765721484
497,597,597,2MASS J05012406-0010452 [de],Orion,5h 1m 24.06s,−0° 10′ 45.2″,64.0,0.020046348,0.1418129399999999,2008.0,HD 140283,0202,0.81,2.04,273.3886765721484
498,598,598,2MASS J05012406-0010452 [de],Orion,5h 1m 24.06s,−0° 10′ 45.2″,64.0,0.020046348,0.1418129399999999,2008.0,HD 140283,0202,0.81,2.04,273.3886765721484
499,599,599,2MASS J05012406-0010452 [de],Orion,5h 1m 24.06s,−0° 10′ 45.2″,64.0,0.020046348,0.1418129399999999,2008.0,HD 140283,0202,0.81,2.04,273.3886765721484
500,600,600,2MASS J05160945-0445499 [de],Orion,5h 16m 9.45s,−4° 45′ 49.9″,73.0,0.044865636,0.0996801099999999,2003.0,II Pegasi,0130,0.8,3.4,1238.4366334263539
501,601,601,2MASS J05160945-0445499 [de],Orion,5h 16m 9.45s,−4° 45′ 49.9″,73.0,0.044865636,0.0996801099999999,2003.0,II Pegasi,0130,0.8,3.4,1238.4366334263539
502,602,602,2MASS J05160945-0445499 [de],Orion,5h 16m 9.45s,−4° 45′ 49.9″,73.0,0.044865636,0.0996801099999999,2003.0,II Pegasi,0130,0.8,3.4,1238.4366334263539
503,603,603,2MASS J05160945-0445499 [de],Orion,5h 16m 9.45s,−4° 45′ 49.9″,73.0,0.044865636,0.0996801099999999,2003.0,II Pegasi,0130,0.8,3.4,1238.4366334263539
504,604,604,2MASS J05160945-0445499 [de],Orion,5h 16m 9.45s,−4° 45′ 49.9″,73.0,0.044865636,0.0996801099999999,2003.0,II Pegasi,0130,0.8,3.4,1238.4366334263539
505,605,605,2MASS J05160945-0445499 [de],Orion,5h 16m 9.45s,−4° 45′ 49.9″,73.0,0.044865636,0.0996801099999999,2003.0,II Pegasi,0130,0.8,3.4,1238.4366334263539
506,606,606,2MASS J05160945-0445499 [de],Orion,5h 16m 9.45s,−4° 45′ 49.9″,73.0,0.044865636,0.0996801099999999,2003.0,II Pegasi,0130,0.8,3.4,1238.4366334263539
507,607,607,2MASS J05160945-0445499 [de],Orion,5h 16m 9.45s,−4° 45′ 49.9″,73.0,0.044865636,0.0996801099999999,2003.0,II Pegasi,0130,0.8,3.4,1238.4366334263539
508,608,608,2MASS J05160945-0445499 [de],Orion,5h 16m 9.45s,−4° 45′ 49.9″,73.0,0.044865636,0.0996801099999999,2003.0,VY Canis Majoris,"03,900",17,"1,420",1238.4366334263539
509,609,609,2MASS J05160945-0445499 [de],Orion,5h 16m 9.45s,−4° 45′ 49.9″,73.0,0.044865636,0.0996801099999999,2003.0,VY Canis Majoris,"03,900",17,"1,420",1238.4366334263539
510,610,610,2MASS J0523−1403,Lepus,5h 23m 38.22s,−14° 3′ 2.2″,40.0,0.064911984,0.10379063,0.0,VY Canis Majoris,"03,900",17,"1,420",1652.6678012497337
511,611,611,2MASS J0523−1403,Lepus,5h 23m 38.22s,−14° 3′ 2.2″,40.0,0.064911984,0.10379063,0.0,VY Canis Majoris,"03,900",17,"1,420",1652.6678012497337
512,612,612,2MASS J0523−1403,Lepus,5h 23m 38.22s,−14° 3′ 2.2″,40.0,0.064911984,0.10379063,0.0,VY Canis Majoris,"03,900",17,"1,420",1652.6678012497337
513,613,613,2MASS J0523−1403,Lepus,5h 23m 38.22s,−14° 3′ 2.2″,40.0,0.064911984,0.10379063,0.0,VY Canis Majoris,"03,900",17,"1,420",1652.6678012497337
514,614,614,2MASS J0523−1403,Lepus,5h 23m 38.22s,−14° 3′ 2.2″,40.0,0.064911984,0.10379063,0.0,VY Canis Majoris,"03,900",17,"1,420",1652.6678012497337
515,615,615,2MASS J0523−1403,Lepus,5h 23m 38.22s,−14° 3′ 2.2″,40.0,0.064911984,0.10379063,0.0,VY Canis Majoris,"03,900",17,"1,420",1652.6678012497337
516,616,616,2MASS J0523−1403,Lepus,5h 23m 38.22s,−14° 3′ 2.2″,40.0,0.064911984,0.10379063,0.0,Pistol Star,"025,000",100,320,1652.6678012497337
517,617,617,2MASS J0523−1403,Lepus,5h 23m 38.22s,−14° 3′ 2.2″,40.0,0.064911984,0.10379063,0.0,Pistol Star,"025,000",100,320,1652.6678012497337
518,618,618,2MASS J0523−1403,Lepus,5h 23m 38.22s,−14° 3′ 2.2″,40.0,0.064911984,0.10379063,0.0,Pistol Star,"025,000",100,320,1652.6678012497337
519,619,619,2MASS J0523−1403,Lepus,5h 23m 38.22s,−14° 3′ 2.2″,40.0,0.064911984,0.10379063,0.0,Pistol Star,"025,000",100,320,1652.6678012497337
520,620,620,2MASS 0532+8246,Camelopardalis,5h 32m 53.46s,82° 46′ 46.5″,81.0,0.079230804,0.0,2018.0,Pistol Star,"025,000",100,320,0.0
521,621,621,2MASS 0532+8246,Camelopardalis,5h 32m 53.46s,82° 46′ 46.5″,81.0,0.079230804,0.0,2018.0,Pistol Star,"025,000",100,320,0.0
522,622,622,2MASS 0532+8246,Camelopardalis,5h 32m 53.46s,82° 46′ 46.5″,81.0,0.079230804,0.0,2018.0,Pistol Star,"025,000",100,320,0.0
523,623,623,2MASS 0532+8246,Camelopardalis,5h 32m 53.46s,82° 46′ 46.5″,81.0,0.079230804,0.0,2018.0,Pistol Star,"025,000",100,320,0.0
524,624,624,2MASS 0532+8246,Camelopardalis,5h 32m 53.46s,82° 46′ 46.5″,81.0,0.079230804,0.0,2018.0,S Doradus,"0169,000",24,380,0.0
525,625,625,2MASS 0532+8246,Camelopardalis,5h 32m 53.46s,82° 46′ 46.5″,81.0,0.079230804,0.0,2018.0,S Doradus,"0169,000",24,380,0.0
526,626,626,2MASS 0532+8246,Camelopardalis,5h 32m 53.46s,82° 46′ 46.5″,81.0,0.079230804,0.0,2018.0,S Doradus,"0169,000",24,380,0.0
527,627,627,2MASS 0532+8246,Camelopardalis,5h 32m 53.46s,82° 46′ 46.5″,81.0,0.079230804,0.0,2018.0,S Doradus,"0169,000",24,380,0.0
528,628,628,2MASS 0532+8246,Camelopardalis,5h 32m 53.46s,82° 46′ 46.5″,81.0,0.079230804,0.0,2018.0,S Doradus,"0169,000",24,380,0.0
529,629,629,2MASS 0532+8246,Camelopardalis,5h 32m 53.46s,82° 46′ 46.5″,81.0,0.079230804,0.0,2018.0,S Doradus,"0169,000",24,380,0.0
530,630,630,SDSS J053951.99-005902.0,0,5h 39m 52s,−0° 59′ 1.9″,41.62,0.058229868,0.10379063,0.0,S Doradus,"0169,000",24,380,1482.5402334740254
531,631,631,SDSS J053951.99-005902.0,0,5h 39m 52s,−0° 59′ 1.9″,41.62,0.058229868,0.10379063,0.0,S Doradus,"0169,000",24,380,1482.5402334740254
532,632,632,SDSS J053951.99-005902.0,0,5h 39m 52s,−0° 59′ 1.9″,41.62,0.058229868,0.10379063,0.0,UY Scuti,"05,100",7 - 10,755,1482.5402334740254
533,633,633,SDSS J053951.99-005902.0,0,5h 39m 52s,−0° 59′ 1.9″,41.62,0.058229868,0.10379063,0.0,UY Scuti,"05,100",7 - 10,755,1482.5402334740254
534,634,634,SDSS J053951.99-005902.0,0,5h 39m 52s,−0° 59′ 1.9″,41.62,0.058229868,0.10379063,0.0,UY Scuti,"05,100",7 - 10,755,1482.5402334740254
535,635,635,SDSS J053951.99-005902.0,0,5h 39m 52s,−0° 59′ 1.9″,41.62,0.058229868,0.10379063,0.0,UY Scuti,"05,100",7 - 10,755,1482.5402334740254
536,636,636,SDSS J053951.99-005902.0,0,5h 39m 52s,−0° 59′ 1.9″,41.62,0.058229868,0.10379063,0.0,UY Scuti,"05,100",7 - 10,755,1482.5402334740254
537,637,637,SDSS J053951.99-005902.0,0,5h 39m 52s,−0° 59′ 1.9″,41.62,0.058229868,0.10379063,0.0,UY Scuti,"05,100",7 - 10,755,1482.5402334740254
538,638,638,SDSS J053951.99-005902.0,0,5h 39m 52s,−0° 59′ 1.9″,41.62,0.058229868,0.10379063,0.0,UY Scuti,"05,100",7 - 10,755,1482.5402334740254
539,639,639,SDSS J053951.99-005902.0,0,5h 39m 52s,−0° 59′ 1.9″,41.62,0.058229868,0.10379063,0.0,UY Scuti,"05,100",7 - 10,755,1482.5402334740254
540,650,650,LSR 0602+3910 [de],Auriga,6h 2m 30.45s,39° 10′ 59.2″,34.6,0.026728464,0.1448958299999999,2003.0,HE 1523-0901,"010,000",0.80,27,349.171836201398
541,651,651,LSR 0602+3910 [de],Auriga,6h 2m 30.45s,39° 10′ 59.2″,34.6,0.026728464,0.1448958299999999,2003.0,HE 1523-0901,"010,000",0.80,27,349.171836201398
542,652,652,LSR 0602+3910 [de],Auriga,6h 2m 30.45s,39° 10′ 59.2″,34.6,0.026728464,0.1448958299999999,2003.0,HE 1523-0901,"010,000",0.80,27,349.171836201398
543,653,653,LSR 0602+3910 [de],Auriga,6h 2m 30.45s,39° 10′ 59.2″,34.6,0.026728464,0.1448958299999999,2003.0,HE 1523-0901,"010,000",0.80,27,349.171836201398
544,654,654,LSR 0602+3910 [de],Auriga,6h 2m 30.45s,39° 10′ 59.2″,34.6,0.026728464,0.1448958299999999,2003.0,HE 1523-0901,"010,000",0.80,27,349.171836201398
545,655,655,LSR 0602+3910 [de],Auriga,6h 2m 30.45s,39° 10′ 59.2″,34.6,0.026728464,0.1448958299999999,2003.0,HE 1523-0901,"010,000",0.80,27,349.171836201398
546,656,656,LSR 0602+3910 [de],Auriga,6h 2m 30.45s,39° 10′ 59.2″,34.6,0.026728464,0.1448958299999999,2003.0,Proxima Centauri,04.25,0.12,0.15,349.171836201398
547,657,657,LSR 0602+3910 [de],Auriga,6h 2m 30.45s,39° 10′ 59.2″,34.6,0.026728464,0.1448958299999999,2003.0,Proxima Centauri,04.25,0.12,0.15,349.171836201398
548,658,658,LSR 0602+3910 [de],Auriga,6h 2m 30.45s,39° 10′ 59.2″,34.6,0.026728464,0.1448958299999999,2003.0,Proxima Centauri,04.25,0.12,0.15,349.171836201398
549,659,659,LSR 0602+3910 [de],Auriga,6h 2m 30.45s,39° 10′ 59.2″,34.6,0.026728464,0.1448958299999999,2003.0,Proxima Centauri,04.25,0.12,0.15,349.171836201398
550,660,660,2MASS J06085283-2753583,0,6h 8m 52.83s,−27° 53′ 58.3″,102.0,0.036274344,0.15517213,0.0,Proxima Centauri,04.25,0.12,0.15,413.1893345369554
551,661,661,2MASS J06085283-2753583,0,6h 8m 52.83s,−27° 53′ 58.3″,102.0,0.036274344,0.15517213,0.0,Proxima Centauri,04.25,0.12,0.15,413.1893345369554
552,662,662,2MASS J06085283-2753583,0,6h 8m 52.83s,−27° 53′ 58.3″,102.0,0.036274344,0.15517213,0.0,Proxima Centauri,04.25,0.12,0.15,413.1893345369554
553,663,663,2MASS J06085283-2753583,0,6h 8m 52.83s,−27° 53′ 58.3″,102.0,0.036274344,0.15517213,0.0,Proxima Centauri,04.25,0.12,0.15,413.1893345369554
554,664,664,2MASS J06085283-2753583,0,6h 8m 52.83s,−27° 53′ 58.3″,102.0,0.036274344,0.15517213,0.0,KIC 8462852,"01,470",1.43,1.58,413.1893345369554
555,665,665,2MASS J06085283-2753583,0,6h 8m 52.83s,−27° 53′ 58.3″,102.0,0.036274344,0.15517213,0.0,KIC 8462852,"01,470",1.43,1.58,413.1893345369554
556,666,666,2MASS J06085283-2753583,0,6h 8m 52.83s,−27° 53′ 58.3″,102.0,0.036274344,0.15517213,0.0,KIC 8462852,"01,470",1.43,1.58,413.1893345369554
557,667,667,2MASS J06085283-2753583,0,6h 8m 52.83s,−27° 53′ 58.3″,102.0,0.036274344,0.15517213,0.0,KIC 8462852,"01,470",1.43,1.58,413.1893345369554
558,668,668,2MASS J06085283-2753583,0,6h 8m 52.83s,−27° 53′ 58.3″,102.0,0.036274344,0.15517213,0.0,KIC 8462852,"01,470",1.43,1.58,413.1893345369554
559,669,669,2MASS J06085283-2753583,0,6h 8m 52.83s,−27° 53′ 58.3″,102.0,0.036274344,0.15517213,0.0,KIC 8462852,"01,470",1.43,1.58,413.1893345369554
560,670,670,WISEP J061135.13-041024.0A,0,6h 11m 35.12s,−4° 10′ 24″,69.0,0.06204822,0.0,2014.0,KIC 8462852,"01,470",1.43,1.58,0.0
561,671,671,WISEP J061135.13-041024.0A,0,6h 11m 35.12s,−4° 10′ 24″,69.0,0.06204822,0.0,2014.0,KIC 8462852,"01,470",1.43,1.58,0.0
562,672,672,WISEP J061135.13-041024.0A,0,6h 11m 35.12s,−4° 10′ 24″,69.0,0.06204822,0.0,2014.0,R136a1,"0163,000",290,32,0.0
563,673,673,WISEP J061135.13-041024.0A,0,6h 11m 35.12s,−4° 10′ 24″,69.0,0.06204822,0.0,2014.0,R136a1,"0163,000",290,32,0.0
564,674,674,WISEP J061135.13-041024.0A,0,6h 11m 35.12s,−4° 10′ 24″,69.0,0.06204822,0.0,2014.0,R136a1,"0163,000",290,32,0.0
565,675,675,WISEP J061135.13-041024.0A,0,6h 11m 35.12s,−4° 10′ 24″,69.0,0.06204822,0.0,2014.0,R136a1,"0163,000",290,32,0.0
566,676,676,WISEP J061135.13-041024.0A,0,6h 11m 35.12s,−4° 10′ 24″,69.0,0.06204822,0.0,2014.0,R136a1,"0163,000",290,32,0.0
567,677,677,WISEP J061135.13-041024.0A,0,6h 11m 35.12s,−4° 10′ 24″,69.0,0.06204822,0.0,2014.0,R136a1,"0163,000",290,32,0.0
568,678,678,WISEP J061135.13-041024.0A,0,6h 11m 35.12s,−4° 10′ 24″,69.0,0.06204822,0.0,2014.0,R136a1,"0163,000",290,32,0.0
569,679,679,WISEP J061135.13-041024.0A,0,6h 11m 35.12s,−4° 10′ 24″,69.0,0.06204822,0.0,2014.0,R136a1,"0163,000",290,32,0.0
570,680,680,WISEP J061135.13-041024.0B,0,6h 11m 35.12s,−4° 10′ 24″,69.0,0.050593164,0.0,2014.0,Melnick 42,"0163,000",189,21.1,0.0
571,681,681,WISEP J061135.13-041024.0B,0,6h 11m 35.12s,−4° 10′ 24″,69.0,0.050593164,0.0,2014.0,Melnick 42,"0163,000",189,21.1,0.0
572,682,682,WISEP J061135.13-041024.0B,0,6h 11m 35.12s,−4° 10′ 24″,69.0,0.050593164,0.0,2014.0,Melnick 42,"0163,000",189,21.1,0.0
573,683,683,WISEP J061135.13-041024.0B,0,6h 11m 35.12s,−4° 10′ 24″,69.0,0.050593164,0.0,2014.0,Melnick 42,"0163,000",189,21.1,0.0
574,684,684,WISEP J061135.13-041024.0B,0,6h 11m 35.12s,−4° 10′ 24″,69.0,0.050593164,0.0,2014.0,Melnick 42,"0163,000",189,21.1,0.0
575,685,685,WISEP J061135.13-041024.0B,0,6h 11m 35.12s,−4° 10′ 24″,69.0,0.050593164,0.0,2014.0,Melnick 42,"0163,000",189,21.1,0.0
576,686,686,WISEP J061135.13-041024.0B,0,6h 11m 35.12s,−4° 10′ 24″,69.0,0.050593164,0.0,2014.0,Melnick 42,"0163,000",189,21.1,0.0
577,687,687,WISEP J061135.13-041024.0B,0,6h 11m 35.12s,−4° 10′ 24″,69.0,0.050593164,0.0,2014.0,Melnick 42,"0163,000",189,21.1,0.0
578,688,688,WISEP J061135.13-041024.0B,0,6h 11m 35.12s,−4° 10′ 24″,69.0,0.050593164,0.0,2014.0,WR 102,"018,134",19,0.39,0.0
579,689,689,WISEP J061135.13-041024.0B,0,6h 11m 35.12s,−4° 10′ 24″,69.0,0.050593164,0.0,2014.0,WR 102,"018,134",19,0.39,0.0
580,690,690,2MASS J06244595-4521548 [de],Puppis,6h 24m 45.95s,−45° 21′ 54.8″,39.0,0.053456928,0.1017353699999999,2008.0,WR 102,"018,134",19,0.39,1416.566733092541
581,691,691,2MASS J06244595-4521548 [de],Puppis,6h 24m 45.95s,−45° 21′ 54.8″,39.0,0.053456928,0.1017353699999999,2008.0,WR 102,"018,134",19,0.39,1416.566733092541
582,692,692,2MASS J06244595-4521548 [de],Puppis,6h 24m 45.95s,−45° 21′ 54.8″,39.0,0.053456928,0.1017353699999999,2008.0,WR 102,"018,134",19,0.39,1416.566733092541
583,693,693,2MASS J06244595-4521548 [de],Puppis,6h 24m 45.95s,−45° 21′ 54.8″,39.0,0.053456928,0.1017353699999999,2008.0,WR 102,"018,134",19,0.39,1416.566733092541
584,694,694,2MASS J06244595-4521548 [de],Puppis,6h 24m 45.95s,−45° 21′ 54.8″,39.0,0.053456928,0.1017353699999999,2008.0,WR 102,"018,134",19,0.39,1416.566733092541
585,695,695,2MASS J06244595-4521548 [de],Puppis,6h 24m 45.95s,−45° 21′ 54.8″,39.0,0.053456928,0.1017353699999999,2008.0,WR 102,"018,134",19,0.39,1416.566733092541
586,696,696,2MASS J06244595-4521548 [de],Puppis,6h 24m 45.95s,−45° 21′ 54.8″,39.0,0.053456928,0.1017353699999999,2008.0,VFTS 352,"0164,000",57.48,14.47,1416.566733092541
587,697,697,2MASS J06244595-4521548 [de],Puppis,6h 24m 45.95s,−45° 21′ 54.8″,39.0,0.053456928,0.1017353699999999,2008.0,VFTS 352,"0164,000",57.48,14.47,1416.566733092541
588,698,698,2MASS J06244595-4521548 [de],Puppis,6h 24m 45.95s,−45° 21′ 54.8″,39.0,0.053456928,0.1017353699999999,2008.0,VFTS 352,"0164,000",57.48,14.47,1416.566733092541
589,699,699,2MASS J06244595-4521548 [de],Puppis,6h 24m 45.95s,−45° 21′ 54.8″,39.0,0.053456928,0.1017353699999999,2008.0,VFTS 352,"0164,000",57.48,14.47,1416.566733092541
590,700,700,2MASS J06411840-4322329 [de],Puppis,6h 41m 18.4s,−43° 22′ 32.9″,65.0,0.063957396,0.10379063,2008.0,VFTS 352,"0164,000",57.48,14.47,1628.363862996061
591,701,701,2MASS J06411840-4322329 [de],Puppis,6h 41m 18.4s,−43° 22′ 32.9″,65.0,0.063957396,0.10379063,2008.0,VFTS 352,"0164,000",57.48,14.47,1628.363862996061
592,702,702,2MASS J06411840-4322329 [de],Puppis,6h 41m 18.4s,−43° 22′ 32.9″,65.0,0.063957396,0.10379063,2008.0,VFTS 352,"0164,000",57.48,14.47,1628.363862996061
593,703,703,2MASS J06411840-4322329 [de],Puppis,6h 41m 18.4s,−43° 22′ 32.9″,65.0,0.063957396,0.10379063,2008.0,VFTS 352,"0164,000",57.48,14.47,1628.363862996061
594,704,704,2MASS J06411840-4322329 [de],Puppis,6h 41m 18.4s,−43° 22′ 32.9″,65.0,0.063957396,0.10379063,2008.0,YBP 1194,"02,772",1.01,0.99,1628.363862996061
595,705,705,2MASS J06411840-4322329 [de],Puppis,6h 41m 18.4s,−43° 22′ 32.9″,65.0,0.063957396,0.10379063,2008.0,YBP 1194,"02,772",1.01,0.99,1628.363862996061
596,706,706,2MASS J06411840-4322329 [de],Puppis,6h 41m 18.4s,−43° 22′ 32.9″,65.0,0.063957396,0.10379063,2008.0,YBP 1194,"02,772",1.01,0.99,1628.363862996061
597,707,707,2MASS J06411840-4322329 [de],Puppis,6h 41m 18.4s,−43° 22′ 32.9″,65.0,0.063957396,0.10379063,2008.0,YBP 1194,"02,772",1.01,0.99,1628.363862996061
598,708,708,2MASS J06411840-4322329 [de],Puppis,6h 41m 18.4s,−43° 22′ 32.9″,65.0,0.063957396,0.10379063,2008.0,YBP 1194,"02,772",1.01,0.99,1628.363862996061
599,709,709,2MASS J06411840-4322329 [de],Puppis,6h 41m 18.4s,−43° 22′ 32.9″,65.0,0.063957396,0.10379063,2008.0,YBP 1194,"02,772",1.01,0.99,1628.363862996061
600,710,710,DENIS-P J0652197-253450 [de],Canis Major,6h 52m 19.77s,−25° 34′ 50.5″,51.0,0.0715941,0.10790115,2008.0,YBP 1194,"02,772",1.01,0.99,1686.5610484742424
601,711,711,DENIS-P J0652197-253450 [de],Canis Major,6h 52m 19.77s,−25° 34′ 50.5″,51.0,0.0715941,0.10790115,2008.0,YBP 1194,"02,772",1.01,0.99,1686.5610484742424
602,712,712,DENIS-P J0652197-253450 [de],Canis Major,6h 52m 19.77s,−25° 34′ 50.5″,51.0,0.0715941,0.10790115,2008.0,Gliese 1214,047.5,0.16,0.21,1686.5610484742424
603,713,713,DENIS-P J0652197-253450 [de],Canis Major,6h 52m 19.77s,−25° 34′ 50.5″,51.0,0.0715941,0.10790115,2008.0,Gliese 1214,047.5,0.16,0.21,1686.5610484742424
604,714,714,DENIS-P J0652197-253450 [de],Canis Major,6h 52m 19.77s,−25° 34′ 50.5″,51.0,0.0715941,0.10790115,2008.0,Gliese 1214,047.5,0.16,0.21,1686.5610484742424
605,715,715,DENIS-P J0652197-253450 [de],Canis Major,6h 52m 19.77s,−25° 34′ 50.5″,51.0,0.0715941,0.10790115,2008.0,Gliese 1214,047.5,0.16,0.21,1686.5610484742424
606,716,716,DENIS-P J0652197-253450 [de],Canis Major,6h 52m 19.77s,−25° 34′ 50.5″,51.0,0.0715941,0.10790115,2008.0,Gliese 1214,047.5,0.16,0.21,1686.5610484742424
607,717,717,DENIS-P J0652197-253450 [de],Canis Major,6h 52m 19.77s,−25° 34′ 50.5″,51.0,0.0715941,0.10790115,2008.0,Gliese 1214,047.5,0.16,0.21,1686.5610484742424
608,718,718,DENIS-P J0652197-253450 [de],Canis Major,6h 52m 19.77s,−25° 34′ 50.5″,51.0,0.0715941,0.10790115,2008.0,Gliese 1214,047.5,0.16,0.21,1686.5610484742424
609,719,719,DENIS-P J0652197-253450 [de],Canis Major,6h 52m 19.77s,−25° 34′ 50.5″,51.0,0.0715941,0.10790115,2008.0,Gliese 1214,047.5,0.16,0.21,1686.5610484742424
610,730,730,2MASS J07075327-4900503,0,7h 7m 53.27s,−49° 0′ 50.3″,60.0,0.068730336,0.10584589,0.0,NML Cygni,"05,251",50,"1,640 - 2,770",1682.5866846122526
611,731,731,2MASS J07075327-4900503,0,7h 7m 53.27s,−49° 0′ 50.3″,60.0,0.068730336,0.10584589,0.0,NML Cygni,"05,251",50,"1,640 - 2,770",1682.5866846122526
612,732,732,2MASS J07075327-4900503,0,7h 7m 53.27s,−49° 0′ 50.3″,60.0,0.068730336,0.10584589,0.0,NML Cygni,"05,251",50,"1,640 - 2,770",1682.5866846122526
613,733,733,2MASS J07075327-4900503,0,7h 7m 53.27s,−49° 0′ 50.3″,60.0,0.068730336,0.10584589,0.0,NML Cygni,"05,251",50,"1,640 - 2,770",1682.5866846122526
614,734,734,2MASS J07075327-4900503,0,7h 7m 53.27s,−49° 0′ 50.3″,60.0,0.068730336,0.10584589,0.0,NML Cygni,"05,251",50,"1,640 - 2,770",1682.5866846122526
615,735,735,2MASS J07075327-4900503,0,7h 7m 53.27s,−49° 0′ 50.3″,60.0,0.068730336,0.10584589,0.0,NML Cygni,"05,251",50,"1,640 - 2,770",1682.5866846122526
616,736,736,2MASS J07075327-4900503,0,7h 7m 53.27s,−49° 0′ 50.3″,60.0,0.068730336,0.10584589,0.0,VB 10,018.72,0.075,0.10,1682.5866846122526
617,737,737,2MASS J07075327-4900503,0,7h 7m 53.27s,−49° 0′ 50.3″,60.0,0.068730336,0.10584589,0.0,VB 10,018.72,0.075,0.10,1682.5866846122526
618,738,738,2MASS J07075327-4900503,0,7h 7m 53.27s,−49° 0′ 50.3″,60.0,0.068730336,0.10584589,0.0,VB 10,018.72,0.075,0.10,1682.5866846122526
619,739,739,2MASS J07075327-4900503,0,7h 7m 53.27s,−49° 0′ 50.3″,60.0,0.068730336,0.10584589,0.0,VB 10,018.72,0.075,0.10,1682.5866846122526
620,740,740,UGPS J072227.51-054031.2,Monoceros,7h 22m 27.6s,−05° 40′ 38.4″,13.4,0.024819288,0.1007077399999999,2010.0,VB 10,018.72,0.075,0.10,671.1824580662815
621,741,741,UGPS J072227.51-054031.2,Monoceros,7h 22m 27.6s,−05° 40′ 38.4″,13.4,0.024819288,0.1007077399999999,2010.0,VB 10,018.72,0.075,0.10,671.1824580662815
622,742,742,UGPS J072227.51-054031.2,Monoceros,7h 22m 27.6s,−05° 40′ 38.4″,13.4,0.024819288,0.1007077399999999,2010.0,VB 10,018.72,0.075,0.10,671.1824580662815
623,743,743,UGPS J072227.51-054031.2,Monoceros,7h 22m 27.6s,−05° 40′ 38.4″,13.4,0.024819288,0.1007077399999999,2010.0,VB 10,018.72,0.075,0.10,671.1824580662815
624,744,744,UGPS J072227.51-054031.2,Monoceros,7h 22m 27.6s,−05° 40′ 38.4″,13.4,0.024819288,0.1007077399999999,2010.0,WOH G64,"0163,000",<20,"1,540 - 1,730",671.1824580662815
625,745,745,UGPS J072227.51-054031.2,Monoceros,7h 22m 27.6s,−05° 40′ 38.4″,13.4,0.024819288,0.1007077399999999,2010.0,WOH G64,"0163,000",<20,"1,540 - 1,730",671.1824580662815
626,746,746,UGPS J072227.51-054031.2,Monoceros,7h 22m 27.6s,−05° 40′ 38.4″,13.4,0.024819288,0.1007077399999999,2010.0,WOH G64,"0163,000",<20,"1,540 - 1,730",671.1824580662815
627,747,747,UGPS J072227.51-054031.2,Monoceros,7h 22m 27.6s,−05° 40′ 38.4″,13.4,0.024819288,0.1007077399999999,2010.0,WOH G64,"0163,000",<20,"1,540 - 1,730",671.1824580662815
628,748,748,UGPS J072227.51-054031.2,Monoceros,7h 22m 27.6s,−05° 40′ 38.4″,13.4,0.024819288,0.1007077399999999,2010.0,WOH G64,"0163,000",<20,"1,540 - 1,730",671.1824580662815
629,749,749,UGPS J072227.51-054031.2,Monoceros,7h 22m 27.6s,−05° 40′ 38.4″,13.4,0.024819288,0.1007077399999999,2010.0,WOH G64,"0163,000",<20,"1,540 - 1,730",671.1824580662815
630,750,750,2MASSI J0727182+171001 [de],Gemini,7h 27m 18.24s,17° 10′ 1.2″,29.6,0.039138108,0.0965972199999999,2002.0,WOH G64,"0163,000",<20,"1,540 - 1,730",1150.396496056392
631,751,751,2MASSI J0727182+171001 [de],Gemini,7h 27m 18.24s,17° 10′ 1.2″,29.6,0.039138108,0.0965972199999999,2002.0,WOH G64,"0163,000",<20,"1,540 - 1,730",1150.396496056392
632,752,752,2MASSI J0727182+171001 [de],Gemini,7h 27m 18.24s,17° 10′ 1.2″,29.6,0.039138108,0.0965972199999999,2002.0,TRAPPIST-1,039.6,0.089,0.12,1150.396496056392
633,753,753,2MASSI J0727182+171001 [de],Gemini,7h 27m 18.24s,17° 10′ 1.2″,29.6,0.039138108,0.0965972199999999,2002.0,TRAPPIST-1,039.6,0.089,0.12,1150.396496056392
634,754,754,2MASSI J0727182+171001 [de],Gemini,7h 27m 18.24s,17° 10′ 1.2″,29.6,0.039138108,0.0965972199999999,2002.0,TRAPPIST-1,039.6,0.089,0.12,1150.396496056392
635,755,755,2MASSI J0727182+171001 [de],Gemini,7h 27m 18.24s,17° 10′ 1.2″,29.6,0.039138108,0.0965972199999999,2002.0,TRAPPIST-1,039.6,0.089,0.12,1150.396496056392
636,756,756,2MASSI J0727182+171001 [de],Gemini,7h 27m 18.24s,17° 10′ 1.2″,29.6,0.039138108,0.0965972199999999,2002.0,TRAPPIST-1,039.6,0.089,0.12,1150.396496056392
637,757,757,2MASSI J0727182+171001 [de],Gemini,7h 27m 18.24s,17° 10′ 1.2″,29.6,0.039138108,0.0965972199999999,2002.0,TRAPPIST-1,039.6,0.089,0.12,1150.396496056392
638,758,758,2MASSI J0727182+171001 [de],Gemini,7h 27m 18.24s,17° 10′ 1.2″,29.6,0.039138108,0.0965972199999999,2002.0,TRAPPIST-1,039.6,0.089,0.12,1150.396496056392
639,759,759,2MASSI J0727182+171001 [de],Gemini,7h 27m 18.24s,17° 10′ 1.2″,29.6,0.039138108,0.0965972199999999,2002.0,TRAPPIST-1,039.6,0.089,0.12,1150.396496056392
640,760,760,2MASS J07290002-3954043 [de],Puppis,7h 29m 0.02s,−39° 54′ 4.4″,25.8,0.035319756,0.0965972199999999,2007.0,2MASS J0523-1403,040.3,0.07,0.086,1038.1626915630854
641,761,761,2MASS J07290002-3954043 [de],Puppis,7h 29m 0.02s,−39° 54′ 4.4″,25.8,0.035319756,0.0965972199999999,2007.0,2MASS J0523-1403,040.3,0.07,0.086,1038.1626915630854
642,762,762,2MASS J07290002-3954043 [de],Puppis,7h 29m 0.02s,−39° 54′ 4.4″,25.8,0.035319756,0.0965972199999999,2007.0,2MASS J0523-1403,040.3,0.07,0.086,1038.1626915630854
643,763,763,2MASS J07290002-3954043 [de],Puppis,7h 29m 0.02s,−39° 54′ 4.4″,25.8,0.035319756,0.0965972199999999,2007.0,2MASS J0523-1403,040.3,0.07,0.086,1038.1626915630854
644,764,764,2MASS J07290002-3954043 [de],Puppis,7h 29m 0.02s,−39° 54′ 4.4″,25.8,0.035319756,0.0965972199999999,2007.0,2MASS J0523-1403,040.3,0.07,0.086,1038.1626915630854
645,765,765,2MASS J07290002-3954043 [de],Puppis,7h 29m 0.02s,−39° 54′ 4.4″,25.8,0.035319756,0.0965972199999999,2007.0,2MASS J0523-1403,040.3,0.07,0.086,1038.1626915630854
646,766,766,2MASS J07290002-3954043 [de],Puppis,7h 29m 0.02s,−39° 54′ 4.4″,25.8,0.035319756,0.0965972199999999,2007.0,2MASS J0523-1403,040.3,0.07,0.086,1038.1626915630854
647,767,767,2MASS J07290002-3954043 [de],Puppis,7h 29m 0.02s,−39° 54′ 4.4″,25.8,0.035319756,0.0965972199999999,2007.0,2MASS J0523-1403,040.3,0.07,0.086,1038.1626915630854
648,768,768,2MASS J07290002-3954043 [de],Puppis,7h 29m 0.02s,−39° 54′ 4.4″,25.8,0.035319756,0.0965972199999999,2007.0,WISE 0855−0714,07.27,0.003,,1038.1626915630854
649,769,769,2MASS J07290002-3954043 [de],Puppis,7h 29m 0.02s,−39° 54′ 4.4″,25.8,0.035319756,0.0965972199999999,2007.0,WISE 0855−0714,07.27,0.003,,1038.1626915630854
650,770,770,SDSS J074201.41+205520.5 [de],Gemini,7h 42m 1.3s,20° 55′ 19.8″,49.0,0.041047284,0.0965972199999999,2004.0,WISE 0855−0714,07.27,0.003,,1206.513398303045
651,771,771,SDSS J074201.41+205520.5 [de],Gemini,7h 42m 1.3s,20° 55′ 19.8″,49.0,0.041047284,0.0965972199999999,2004.0,WISE 0855−0714,07.27,0.003,,1206.513398303045
652,772,772,SDSS J074201.41+205520.5 [de],Gemini,7h 42m 1.3s,20° 55′ 19.8″,49.0,0.041047284,0.0965972199999999,2004.0,WISE 0855−0714,07.27,0.003,,1206.513398303045
653,773,773,SDSS J074201.41+205520.5 [de],Gemini,7h 42m 1.3s,20° 55′ 19.8″,49.0,0.041047284,0.0965972199999999,2004.0,WISE 0855−0714,07.27,0.003,,1206.513398303045
654,774,774,SDSS J074201.41+205520.5 [de],Gemini,7h 42m 1.3s,20° 55′ 19.8″,49.0,0.041047284,0.0965972199999999,2004.0,WISE 0855−0714,07.27,0.003,,1206.513398303045
655,775,775,SDSS J074201.41+205520.5 [de],Gemini,7h 42m 1.3s,20° 55′ 19.8″,49.0,0.041047284,0.0965972199999999,2004.0,WISE 0855−0714,07.27,0.003,,1206.513398303045
656,776,776,SDSS J074201.41+205520.5 [de],Gemini,7h 42m 1.3s,20° 55′ 19.8″,49.0,0.041047284,0.0965972199999999,2004.0,Icarus,"014,400,000,000",33,,1206.513398303045
657,777,777,SDSS J074201.41+205520.5 [de],Gemini,7h 42m 1.3s,20° 55′ 19.8″,49.0,0.041047284,0.0965972199999999,2004.0,Icarus,"014,400,000,000",33,,1206.513398303045
658,778,778,SDSS J074201.41+205520.5 [de],Gemini,7h 42m 1.3s,20° 55′ 19.8″,49.0,0.041047284,0.0965972199999999,2004.0,Icarus,"014,400,000,000",33,,1206.513398303045
659,779,779,SDSS J074201.41+205520.5 [de],Gemini,7h 42m 1.3s,20° 55′ 19.8″,49.0,0.041047284,0.0965972199999999,2004.0,Icarus,"014,400,000,000",33,,1206.513398303045
